Num,Name,Address,Location,Added1,"180 Squared, Inc.",5976 W. Las Positas Blvd.,"Pleasanton,CA,94588",2011-07-13 06:56:582,"8x8, Inc",2125 O'Neill Drive,"San Jose,CA,95054",2006-09-19 08:55:173,aaagagaagagagg,"900 Cherry Avenue,5th floor","San Bruno,CA,94066",2009-08-12 22:13:474,AAL-,"1900 Charleston Road,M3","Mountain View,CA,94041",2005-04-05 19:49:315,AAL-,"1900 Charleston Road,M4","Mountain View,CA,94041",2005-04-04 02:23:356,Abbott,3200 Lakeside Drive,"Santa Clara,CA,95054",2006-01-09 09:21:387,Accellion,"1804 Embarcadero Road,Suite 200","Palo Alto,CA,94303",2012-05-03 15:10:598,Accenture,1661 Page Mill Road,"Palo Alto,CA,94304",2006-06-29 13:12:349,acco engineered sySuitems,"1133,Aladdin Avenue","San Leandro,CA,94577-4311",2005-07-06 02:07:1310,Accountants Plus,"6200 Stoneridge Mall Road,Suite 310","Pleasanton,CA,94588",2006-06-26 16:18:3611,Accucraft Trains,33268 Central Avenue,"Union City,CA,94587",2009-07-28 05:53:4012,"Actiance, Inc.","1301 Shoreway Road,Suite 275","Belmont,CA,94002",2011-04-21 11:29:1113,"Active Motivation, INC",465 Forbes Boulevard,"South San Francisco,CA,94080",2006-07-07 18:17:4714,Activision,1001 E. Hillsdale Blvd.,"Foster City,CA,94404",2009-10-26 10:07:2715,Actuate Corp,701 Gateway Blvd,"South San Francisco,CA,94080",2005-09-28 09:42:5916,Actuate Crop,"2207 Bridgepointe Parkway,Suite 500","San Mateo,CA,94404",2008-10-01 10:02:5317,Acxiom,"1001 E Hillsdale Blvd,8th Floor","Foster City,CA,94404",2009-01-30 06:54:4318,"Adchemy, Inc.","1001 E. Hillsdale Blvd.,,7th Floor,","Foster City,CA,94404",2010-04-28 22:51:4719,Adelante Capital Management,"555 12th Street,Suite 2100","Oakland,CA,94607",2010-02-04 23:50:1920,"Advance Auto Parts, Inc.","Store Support Center,5008 Airport Road","Roanoke, VA 24012",2010-05-08 03:32:4521,Aegis Realty Partners,"555 12th Street,Suite 110","Oakland,CA,94607",2010-06-24 14:32:3522,"AeroScout, Inc","1300 Island Drive,Suite 202","Redwood city,CA,94065",2007-07-05 11:58:4323,Aesculap,"Arden Realty,Inc.,1804 Embarcadero Road,Suite 202","Palo Alto,CA,94067",2012-02-09 16:43:0424,AESCULAP,"1804 Embarcadero Road,Suite 202","Palo Alto,CA,94303",2012-03-14 14:32:3925,Aesculap,"Arden Realty,Inc.,1804 Embarcadero Road,Suite 202","Palo Alto,CA,94303",2012-02-09 16:43:2026,agaaaaagaaa,717 East El Camino Real,"Sunnyvale,CA,94087",2010-03-09 02:28:0927,agagagagahahawewekf,7000 Marina blvd.,"Brisbane,CA,94005",2011-04-19 14:04:2228,Aggressor LLC,"6200 Stoneridge Mall Rd,Suite 130","Pleasanton,CA,94588",2012-03-13 12:14:0329,Alan Chinn Group,4301 Hacienda Drive,"Pleasanton,CA,94588",2011-07-13 10:23:4930,Alenia-Spazio,"20400,Suitevens Creek Blvd.","Cupertino,CA,95014",2006-06-11 06:01:3931,Alexza Pharmaceuticals,2091 Stierlin Court,"Mountain View,CA,94043",2009-07-24 07:02:5632,Alios BioPharma,"260 East Grand Ave,2nd Floor","South San Francisco,CA,94080",2009-10-02 05:03:0533,Alliant Credit Union,800 Concar drive,"San Mateo,CA,94402",2010-04-03 12:22:2634,Allied Telesis Inc,3200 North First Street,"San Jose,CA,95134",2008-07-25 15:48:5235,Alpha Detail,777 Mariners Island Blvd.,"San Mateo,CA,94404",2006-06-15 17:52:2736,Altera,101 Innovation Drive,"San Jose,CA,95134",2008-08-11 09:18:2537,Altornetworks,"1300 Island Drive,Suite 200","Redwood city,CA,94065",2010-04-20 15:29:3638,Altura Communication Solutions,4301 Hacienda Drive,"Pleasanton,CA,94588",2011-07-14 05:14:3139,Alza,1900 Charleston Road,"Mountain View,CA,94041",2005-04-08 05:22:1040,Alza,1900 Charleston Road,"Mountain View,CA,94041",2005-04-08 05:21:3441,Alza,1900 Charleston Road,"Mountain View,CA,94041",2005-04-08 05:20:3842,"Ambiance Associates, Inc.",4301 Hacienda Drive,"Pleasanton,CA,94588",2011-07-13 11:07:4543,American Century,1665 Charleston Road,"Mountain View,CA,94043",2005-03-31 09:58:1844,Ampco SySuitem Parking,525 14th Street,"Oakand,CA,94612",2009-11-10 10:00:5945,AMS Consulting,5976 W. Las Positas Blvd.,"Pleasanton,CA,94588",2011-07-13 10:12:5746,Analog Devices,3550 North First Street,"San Jose,CA,95134",2007-04-24 11:30:4147,Andrews Consulting,4301 Hacienda Drive,"Pleasanton,CA,94588",2011-07-14 06:57:2148,Anexus Pharmaceuticals Inc,950 Tower Lane,"Foster City,CA,94404",2005-07-20 05:00:5849,AOC,2870 Gateway Oaks Drive,"Sacramento,CA,95833",2009-06-09 16:11:1350,Aoptix,695 Campbell technologies,"campbell,CA,95008",2007-07-23 16:32:0351,Apex SySuitems Inc,2350 Mission College Blvd,"Santa Clara,CA,94505",2012-02-24 16:21:1452,Appirio,900 Concar drive,"San Mateo,CA,94402",2010-07-15 01:45:2753,"Apple, Inc",1 Infinite Loop,"Cupertino,CA,95014",2007-09-12 15:55:4654,Appoxy LLc.,"645 Stockton St.,Suite 1100","San Francisco,CA,94108",2010-05-18 09:35:1755,APR-,"1900 Charleston Road,M3","Mountain View,CA,94041",2005-04-08 00:38:4656,APR-,"1900 Charleston Road,M4","Mountain View,CA,94041",2005-04-08 00:09:3357,APS-,"1900 Charleston Road,M4","Mountain View,CA,94041",2005-04-05 20:03:3758,APS-,"1900 Charleston Road,M3","Mountain View,CA,94041",2005-03-23 20:00:4459,Aquantia Corporation,700 Tasman drive,"Milpitas,CA,95035",2010-06-11 00:56:3560,"Aragon Surgical, Inc.","1810 Embarcadero Road,Suite B","Palo Alto,CA,94303",2008-04-17 10:54:0661,Aramark,488 ALMADEN BLVD,"SAN JOSE,CA,95110",2012-07-13 19:56:2762,Arcadia Entertainment,"900 Island Drive,Suite 203","Redwood City,CA,94065",2008-08-11 16:37:2463,ARDEN REALTY,"1804 Embarcadero Road,Suite 202","Palo Alto,CA,94303",2012-03-14 15:31:0564,ARDEN REALTY,"1804 Embarcadero Road,Suite 202","Palo Alto,CA,94303",2012-03-14 14:20:1765,"Arden Realty, Inc.","1804 Embarcadero Road,Suite 202","Palo Alto,CA,94303",2005-06-11 04:12:5566,ARGO GROUP US,100 marine pkwy,"Redwood City,CA,94063",2010-02-08 00:14:3167,Argon ST,329 Bernardo Avenue,"Mountain View,CA,94043",2009-06-08 12:51:3668,Arista Networks,5450 Great America Pkwy,"Santa Clara,CA,94041",2011-11-23 08:26:4669,Arrow Electronics,3000 Bowers Avenue,"Santa Clara,CA,95051",2007-03-27 12:16:5370,Arrowpath,"3 Lagoon Drive,Suite 130","Redwood City,CA,94065",2007-09-19 20:15:5071,ArthroCare Corporation,680 Vaqueros Avenue,"Sunnyvale,CA,94085",2009-06-01 03:04:2972,Arty Media,777 Mariners Island Blvd.,"San Mateo,CA,94404",2006-06-15 15:48:5673,Aruba Networks,1344 Crossman Ave.,"Sunnyvale,CA,94089",2009-04-21 15:55:4074,Ascendent SySuitems,"2000 Bridge Parkway,Suite 100","Redwood city,CA,94065",2007-07-05 11:11:3775,Asia Pacific,"3 Lagoon Drive,Suite 170","Redwood City,CA,94065",2007-09-19 20:25:1376,"AsiaTech Management, LLC","20450,Suitevens Creek Blvd.,Suite 200","Cupertino,CA,95014",2007-06-27 08:36:0677,"AsiaTech Management, LLC","20450,Suitevens Creek Blvd.,Suite 200","Cupertino,CA,95014",2007-06-27 07:52:3078,ASk.com,655 Campbell Technology Pkwy,"Campbell,CA,95008",2007-01-03 12:03:0779,ASuiter Data sySuitems,3000 Bridge Parkway,"Redwood city,CA,94065",2007-07-05 11:04:1480,Asyst Technologies Inc.,46897 Bayside Parkway,"Fremont,CA,94538",2006-05-03 07:16:0881,at and t,3471 North First Street,"San Jose,CA,95134",2009-05-14 12:36:5182,ATAC,"755 N. Mathilda Avenue,Suite 200","Sunnyvale,CA,94085",2009-06-10 16:46:0683,Atempo,2465 E. Bayshore Road -1,"Palo Alto,CA,94303",2011-05-04 15:19:4184,"Atheros Communications, Inc.",5480 Great America Parkway,"Santa Clara,CA,95054",2008-05-21 12:51:0085,"Atieva, Inc.",2200 Bridge Parkway,"Redwood City,CA,94065",2010-04-28 11:38:5786,Autodesk Inc,"20400,Suitevens Creek Blvd.","Cupertino,CA,95014",2006-06-11 06:22:2187,"Autofocus, Inc.",5976 W. Las Positas Blvd.,"Pleasanton,CA,94588",2011-07-11 09:12:5188,"Automatic Data Processing, Inc.",601 Gateway Blvd.,"South San Francisco,CA,94080",2007-11-19 10:42:2689,Avago Technologies,350 West Trimble Road,"San Jose,CA,95131",2009-07-15 09:07:3790,Avanquest,7031 Koll Center Parkway,"Pleasanton,CA,94566",2011-07-11 12:39:1891,Avaya,5976 W. Las Positas Blvd.,"Pleasanton,CA,94588",2011-07-11 08:20:5092,Avid/Pinnacle SySuitems,280 N. Bernardo Ave.,"Mountain View,CA,94043",2007-03-27 17:49:2693,Axway,1400 Seaport Blvd.,"Redwood City,CA,94063",2009-06-12 18:02:0994,Azoogle,"1001 E Hillsdale Blvd,8th Floor","Foster City,CA,94404",2009-01-30 06:58:3795,Azul,1600 Plymouth Street,"Mountain View,CA,94043",2005-04-14 07:46:3096,BA Venture Partners,950 Tower Lane,"Foster City,CA,94404",2005-07-20 05:17:0097,Bailard,950 Tower Lane,"Foster City,CA,94404",2005-07-20 05:08:2198,Baja Fresh,"1001 E Hillsdale Blvd,8th Floor","Foster City,CA,94404",2009-01-30 06:43:4799,Bank of America,950 Tower Lane,"Foster City,CA,94404",2005-07-20 05:23:38100,Bay Commercial Bank,"155 Grand ave.,Suite 105","Oakland,CA,94612",2011-01-26 08:55:29101,Bay Equity,4301 Hacienda Drive,"Pleasanton,CA,94588",2011-07-14 08:18:04102,"BayCal Financial, Inc.","20400,Suitevens Creek Blvd.","Cupertino,CA,95014",2006-06-11 06:10:08103,Bayshore Technology Park,975 Island Drive,"Redwood City,CA,94065",2007-07-03 16:02:38104,BCD Travel,631 gateway blvd.,"South San Francisco,CA,94080",2010-09-21 19:18:16105,Beachhead Solutions Inc,2350 Mission College Boulevard,"Santa Clara,CA,95054-1532",2010-03-04 14:52:49106,Benchmark,2350 Mission College Blvd,"Santa Clara,CA,95054",2012-02-24 16:10:21107,Bertram Capital,800 Concar Drive,"San Mateo,CA,94402",2010-04-03 14:20:53108,Beyerweaver and Thomas,Cupertino Center,"Cupertino,CA,95014",2007-06-12 12:54:33109,Big-D Pacific Builders,"6200 Stoneridge Mall Rd,Suite 130","Pleasanton,CA,94588",2012-03-13 12:18:18110,BioCentury,"1000 Bridge Parkway,Suite 210","Redwood City,,CA,94065",2008-09-08 03:03:30111,"Biz360, Inc.","1400 Bridge Parkway,Suite 202","Redwood City,CA,94065",2009-06-10 10:53:13112,"Black Box, LLC","900 Island Drive,Suite 202","Redwood city,CA,94065",2007-07-05 11:55:29113,"Blackboard, Inc.",4301 Hacienda Drive,"Pleasanton,CA,94588",2011-07-18 07:38:16114,Blackhawk-Marketing,6220 stoneridge mall road,"Pleasanton,CA,94588",2006-05-30 11:29:07115,"Blade Network Technologies, Inc.","Suite 600,2350 Mission College Blvd.","Santa Clara,CA,95054",2010-04-09 09:30:15116,"BlogHer, Inc.",1301 Shoreway Road,"Belmont,CA,94002",2011-04-20 12:53:13117,Blue Arc,50 Rio Robles,"San Jose,CA,95134",2009-05-21 08:05:47118,Blue Coat,Mary Avenue,"Sunnyvale,CA,95054",2005-11-15 10:16:12119,Blue Star Infotech,"-Nil-,-Nil-","Santa Clara,CA,95054-1574",2010-03-04 09:34:09120,BMC Software,"6200 Stoneridge Mall Road,Suite 200","Pleasanton,CA,94588",2010-08-25 11:37:47121,BMC Software Inc.,"6200 Stoneridge Mall Rd,|Suite 130","Pleasanton,CA,94588",2012-03-12 15:35:56122,Bon Appetit,"125 W. Tasman,Building P","San Jose,CA,95134",2007-11-15 14:39:53123,Borland Software,"20450,Suitevens Creek Blvd.","Cupertino,CA,95014",2006-06-11 06:45:24124,Boston Scientific,170 Baytech Drive,"San Jose,CA,95134",2007-05-07 13:53:49125,BPA Technologies,7041 Koll Center Pkwy,"Pleasanton,CA,94588",2011-07-11 10:56:07126,Brandywine Realty Trust,"155 Grand ave.,Suite 1025","Oakland,CA,94612",2011-01-18 16:27:42127,Broadcom,3151 Zanker Road,"San Jose,CA,95134",2007-03-26 13:56:18128,Brown & Riding Insurance Services Inc,950 Tower Lane,"Foster City,CA,94404",2005-07-20 05:19:21129,BTV,"2870 Gateway Oaks Drive,Suite 110","Sacramento,CA,95833",2009-05-27 03:34:07130,Business Solution Technical Written,"20300,Suitevens Creek Blvd","Cupertino,CA,95014",2007-03-23 14:13:32131,Cafepress.com,950 Tower Lane,"Foster City,CA,94404",2005-08-24 23:22:00132,Calfornia Financial Group,6200 Stoneridge Mall road,"Pleasanton,CA,94588",2006-05-25 02:43:16133,"California Flower Shippers, Inc",440 Logue Avenue,"Mountain View,CA,94043",2009-03-09 04:12:41134,Callidus Software,"6200 Stoneridge Mall Road,Suite 500","Pleasanton,CA,94588",2010-08-25 10:52:38135,Callidus Software Inc.,"6200 Stoneridge Mall Rd,Suite 130","Pleasanton,CA,94588",2012-03-13 06:27:04136,Capcom,800 Concar drive,"San Mateo,CA,94402",2010-04-03 15:03:49137,CAPNIA,"1804 Embarcadero Road,Suite 202","Palo Alto,CA,94303",2012-03-14 15:20:36138,Capnia,"Arden Realty,Inc.,1804 Embarcadero Road,Suite 202","Palo Alto,CA,94303",2012-02-09 16:50:25139,CARL ZEISS MEDITEC,5160 Hacienda Drive,"Dublin,CA,94568",2012-06-11 14:46:41140,Carl Zeiss Meditec,will find out,"Redwood City,CA,94063",2010-01-18 02:37:07141,Cataphora,1200 Bridge Parkway,"Redwood city,CA,94065",2007-07-05 11:35:21142,CB Richard Ellis,950 Tower Lane,"Foster City,CA,94404",2005-07-20 05:19:59143,ccc,Suitevens Creek Blvd.,"Cupertino,CA,95014",2007-01-23 02:46:17144,CD Networks,130 Rio Robles,"San Jose,CA,95134",2009-05-21 06:31:46145,Cell Genesys,500 Forbes Boulevard,"South San Francisco,CA,94080",2007-04-19 17:40:46146,Cemaphore SySuitems,"2479 E. Bayshore Road,Suite 709","Palo Alto,CA,94303",2011-04-21 10:49:17147,Cendura,1871 Landings Drive,"Mountain View,CA,94043",2005-03-31 19:05:44148,Centerbeam,30 Rio Robles,"San Jose,CA,95134",2009-05-20 04:44:49149,"Centillium Communications, Inc",215 Fourier Avenue,"Fremont,CA,94539",2006-02-20 11:27:14150,Centrality Communications,"900 Island Drive,Suite 170","Redwood city,CA,94065",2007-07-05 12:03:29151,Centric Software,"655 Campbell Technology Pkwy,Suite 100","Campbell,CA,95008",2008-06-30 11:18:16152,cFares,975 Island Drive,"Redwood city,CA,94065",2007-07-05 12:20:39153,CGI,"255 Shoreline Drive,","Redwood City,CA,94065",2006-09-19 09:17:00154,Charles Schwab,6200 Stoneridge Mall road,"Pleasanton,CA,94588",2006-05-25 02:12:04155,"Charles Schwab %26 Co., Inc.","6200 Stoneridge Mall Rd,Suite 130","Pleasanton,CA,94588",2012-03-13 07:05:47156,Checkpoint Software,800 Bridge Parkway,"Redwood city,CA,94065",2007-07-05 11:30:26157,Chegg Inc.,"2350 Mission College Boulevard,Suite 1400","Santa Clara,CA,95054-1560",2010-03-04 12:48:42158,Cherry Creek Mortgage Company,4301 Hacienda Drive,"Pleasanton,CA,94588",2011-07-13 09:54:21159,Chevron Federal Credit Union,"475 14th Street,9th Floor","Oakland,CA,94612",2009-11-12 05:33:26160,Chicago Title,"6200 Stoneridge Mall Rd,Suite 130","Pleasanton,CA,94588",2012-03-13 12:59:09161,Chicago Title,6210 Stoneridge Mall road,"Pleasanton,CA,94588",2006-05-25 03:16:38162,child Advocates,777 Mariners Island Blvd.,"San Mateo,CA,94404",2006-06-15 16:58:01163,Chordiant Software,"20400,Suitevens Creek Blvd.","Cupertino,CA,95014",2006-06-11 06:03:51164,CIMA SySuitems,4301 Hacienda Drive,"Pleasanton,CA,94588",2011-07-14 07:16:03165,Cintel SySuitems,5976 W. Las Positas Blvd.,"Pleasanton,CA,94588",2011-07-11 07:01:34166,Cisco,170 W Tasman Dr,"San Jose,CA,95134",2007-04-23 22:38:14167,Clarus SySuitems,975 Island Drive,"Redwood city,CA,94065",2007-07-05 12:18:10168,Clear Benefits Inc,"2350 Mission College Boulevard,Santa Clara","Santa Clara,CA,95054-1582",2010-03-03 18:53:58169,Clear Channel,555 12th Street,"Oakland,CA,94607",2009-11-06 08:15:24170,Clickatell,975,"Redwood city,CA,94065",2007-07-05 12:23:34171,Clorox,500 12th Street,"Oakland,CA,94612",2009-11-06 05:57:14172,Club One,1200 Clay Street,"Oakland,CA,94612",2009-11-06 07:53:52173,CM realty,6200 Stoneridge Mall road,"Pleasanton,CA,94588",2006-05-25 02:40:04174,Collabnet,8000 Marina Blvd.,"Brisbane,CA,94005",2010-04-05 00:12:07175,Colliers International,950 Tower Lane,"Foster City,CA,94404",2005-07-20 05:20:40176,Colt WallerSuitein LLP,"3 Lagoon Drive,Suite 260","Redwood Shores,CA,94065",2009-09-28 11:40:51177,Comerica Bank,"1001 E Hillsdale Blvd,8th Floor","Foster City,CA,94404",2009-01-30 06:52:11178,companytest,1234,"San Mateo,CA,94025",2005-11-03 08:49:57179,Compiere,"3600 Bridge Parkway,Suite 102","Redwood city,CA,94065",2007-07-05 11:48:56180,CompuDyne,"6200 Stoneridge Mall Rd,Suite 400","Pleasanton,CA,94588",2006-05-26 10:15:57181,Conformia,"150 Mathilda Place,Suite 202","Sunnyvale,CA,94086",2007-06-12 14:24:14182,Connect Point Search Group,"2710 Gateway Oaks Drive,Suite 300","Sacramento,CA,95833",2009-06-02 03:35:45183,"CornerStone Staffing Solutions, Inc.",7031 Koll Center Pkwy,"Pleasanton,CA,94566",2011-07-11 11:14:29184,Cornish and Carey Commercial,4301 Hacienda Drive,"Pleasanton,CA,94588",2011-07-14 04:30:19185,Corporate Credit Association,"6200 Stoneridge Mall Road,3rd Floor,Suite 317","Pleasanton,CA,94588",2007-10-25 13:01:44186,Corticon Technologies,"1000 Bridge Parkway,Suite 125","Redwood city,CA,94065",2007-07-05 11:23:52187,CorVel Corporation,950 Tower Lane,"Foster City,CA,94404",2005-07-20 05:21:25188,Counsyl,"2200 Bridge Parkway,Suite 104","Redwood City,CA,94065",2009-06-09 16:34:06189,County Of Santa Clara,2310 N. First St.,"San Jose,CA,95131",2010-12-21 13:53:04190,Coupons Inc,400 Logue Avenue,"Mountain View,CA,94043",2009-03-09 04:08:55191,Covansys,"-Nil-,-Nil-","Santa Clara,CA,95054-1565",2010-03-04 10:32:10192,CPI,607 Hansen Way,"Palo Alto,CA,94304",2009-06-19 16:15:52193,CPTA,"2880 Gateway Oaks Drive,Suite 140","Sacramento,CA,95833",2009-05-27 02:58:52194,Cray Inc.,"6200 Stoneridge Mall Rd,Suite 130","Pleasanton,CA,94588",2012-03-13 14:26:14195,Cray Inc.,"6200 Stoneridge Mall Rd,Suite 130","Pleasanton,CA,94588",2012-03-13 13:12:38196,CRC Health,"20400,Suitevens Creek Blvd.","Cupertino,CA,95014",2006-06-11 06:20:39197,Crescendo Bioscience,341 OySuiter point blvd.,"South San Francisco,CA,94080",2011-06-17 18:17:24198,CrestPoint Solutions,5976 W. Las Positas Blvd.,"Pleasanton,CA,94588",2011-07-13 09:55:59199,Crosby group,"2200 Bridge Parkway,Suite 104","Redwood City,CA,94065",2009-06-09 15:54:59200,Crystal Dynamics,1400 Seaport Blvd.,"Redwood City,CA,94063",2008-04-08 17:22:06201,CSAA,"160 Sutter St,At Kearny St","San Francisco,CA,94104",2009-11-12 08:17:43202,CSC Consulting Group,777 Mariners Island blvd.,"San Mateo,CA,94404",2006-06-15 17:47:57203,Cswitch Corporation,"3131 Jay Street,Suite 200","Santa Clara,CA,95054",2007-04-05 02:25:15204,CTPartners,"3 Lagoon Drive,Suite 130","Redwood City,CA,94065",2008-02-27 08:43:13205,Curaxian,1406 Diamond Street,"San Francisco,CA,94131",2006-10-20 11:08:44206,Cushman and Wakefield,"One Maritime Plaza,Suite 900","San Francisco,CA,94111",2006-10-27 11:38:30207,Cutera,3240 Bayshore Boulevrd,"Brisbane,CA,94005",2009-07-14 12:28:41208,"CV Therapeutics, Inc",3172 Porter Drive,"Palo Alto,CA,94304",2006-06-29 17:17:43209,CyberSource Corporation,1295 Charleston Rd.,"Mountain View,CA,94043",2009-02-05 05:20:45210,Cytokinetics Incorporated,280 East Grand Avenue,"South San Francisco,CA,94080",2007-08-28 09:11:05211,"D. E. Shaw %26 Co., L.P.","One Embarcadero Center,Suite 3860","San Francisco,CA,94111",2010-03-16 04:53:55212,D.E. Shaw,"20400,Suitevens Creek Blvd.","Cupertino,CA,95014",2006-06-11 06:35:08213,Data Domain Inc,2300 Central Expressway,"Santa Clara,CA,95050",2007-08-08 10:45:32214,Datalogixtexas,33258 Central Avenue,"Union City,CA,94587",2009-07-28 06:04:30215,Day Casebeer Madrid and Batchelder LLP,"20300,Suitevens Creek Boulevard","Cupertino,CA,95014",2006-06-13 04:43:34216,Daymon Worldwide,6200 Stoneridge Mall Road,"Pleasanton,CA,94588",2009-02-04 04:19:59217,Daymon Worldwide Inc.,"6200 Stoneridge Mall Rd,Suite 130","Pleasanton,CA,94588",2012-03-13 07:28:51218,Decru,"275 Shoreline Drive,Fourth Floor","Redwood City,CA,94065",2006-04-10 13:46:44219,Definitive Networks,4301 Hacienda Drive,"Pleasanton,CA,94588",2011-07-18 08:17:06220,Deloitte Consulting,950 Tower Lane,"Foster City,CA,94404",2005-07-20 05:22:06221,"Demandtec, Inc.","1 Franklin Pkwy.,Bldg. 910","San Mateo,CA,94403",2010-03-29 16:36:19222,Department of Rehabilitation,1003 W. Cutting Blve,"Richmond,CA,94804",2009-04-21 16:43:58223,Der Manouel Insurance Group,7041 Koll Center Pkwy,"Pleasanton,CA,94588",2011-07-14 06:52:35224,Design Reactor,655 Campbell Technology Pkwy,"Campbell,CA,95008",2007-01-15 11:56:32225,DHR International,"1 Lagoon Drive,100 marine parkway","Redwood city,CA,94065",2008-05-28 11:47:40226,diaDexus,343 OySuiter Point Boulevard,"South San Francisco,CA,94080",2010-03-23 00:56:31227,Diageo,"6200 Stoneridge Mall road,Suite 320","Pleasanton,CA,94588",2006-06-29 05:41:23228,Diamond Investment Property,2000 Sierra Point Parkway,"Brisbane,CA,94005",2012-03-06 10:00:13229,Digital Networks,"20400,Suitevens Creek Blvd.,","Cupertino,CA,95014",2006-06-11 05:26:27230,Digital Networks North America (DNNA),"20400,Suitevens Creek Blvd.,Suite # 100","Cupertino,CA,CA 95014",2006-06-12 16:02:44231,Dome Constructions,2121 Oakdale Ave.,"San Francisco,CA,94124",2009-10-06 06:38:26232,"Dow Pharmaceutical Sciences, Inc",975 Island Drive,"Redwood city,CA,94065",2007-07-05 12:36:44233,DPR Construction Inc,1450 Veterans Boulevard,"Redwood City,CA,94063",2005-07-06 03:33:19234,"Dreyer's Grand Ice Cream, Inc",5929 College Avenue,"Oakland,CA,94618",2009-09-21 10:25:09235,Ducati,10443 dandley drive,"Cupertino,CA,95014.",2007-12-10 10:00:57236,DVD Play,"695 Campbell Technology Parkway,Suite 200","Campbell,CA,95008",2007-01-15 11:59:02237,E-loan,6230 Stoneridge Mall road,"Pleasanton,CA,94588",2006-05-25 04:18:25238,E2open,1600 Seaport Blvd,"Redwood City,CA,94063",2007-06-06 18:29:41239,EAdgear,4301 Hacienda Drive,"Pleasanton,CA,94588",2011-07-18 08:03:37240,eBay,San Jose,"San Jose,CA,94041",2005-01-25 23:56:30241,Ecrio Inc,"20450,Suitevens Creek Blvd,Suite 250","Cupertino,CA,95014",2007-04-17 10:16:17242,eHealth Insurance,440 East Middlefield Road,"Mountain View,CA,94043",2007-05-18 16:10:44243,Elan,800 Gateway Boulevard,"South San Francisco,CA,94080",2006-08-08 12:15:14244,Elance,"441 Logue Avenue,Suite 150","Mountain View,CA,94043",2009-03-09 04:03:26245,Electronic Arts,209 Redwood Shores Pkwy,"Redwood City,CA,94065",2005-05-18 13:35:19246,Electronic Arts - ea.qa.com,209 Redwood Shores Pkwy,"Redwood City,CA,94065",2006-03-21 13:52:18247,Electronic Arts - Maxis,209 Redwood Shores Pkwy,"Redwood City,CA,94065",2005-05-25 01:13:29248,Elo TouchSySuitems,301 Constitution Drive,"Menlo Park,CA,94025",2006-12-05 09:07:47249,Embarcadero Realty Services LP,"152 No Third Street,Suite 202","San Jose,CA,95112",2011-04-05 12:59:00250,EMC Corporation,"2831 Mission College Boulevard,P.O. Box 58199","Santa Clara,CA,95052",2005-06-19 23:28:30251,EPRI,3420 Hillview Ave,"Palo Alto,CA,94304",2006-10-09 18:19:37252,EPRI Solutions,1661 Page Mill Road,"Palo Alto,CA,94304",2006-07-14 17:56:28253,eProsper,777 Mariners Island Blvd.,"San Mateo,CA,94404",2006-06-15 15:41:26254,Epson,3145 Porter Drive,"Palo Alto,CA,94304",2006-08-10 17:28:42255,Equal Partnership Lending,635 Campbell Technology Parkway,"Campbell,CA,95008",2007-03-19 16:08:04256,Equinix,"301 Velocity way,5th Floor","Foster City,CA,94404",2010-04-23 07:13:31257,"Equity Administration Solutions, Inc.",4683 Chabot Drive,"Pleasanton,CA,94588",2011-07-11 07:27:17258,Equity Office Properties,950 Tower Lane,"Foster City,CA,94404",2005-07-21 09:01:03259,Ericksen Arbuthnot lawfirm,"155 Grand ave.,Suite 1050","Oakland,CA,94612",2011-02-10 14:01:05260,Ernst and Young,4301 Hacienda Drive,"Pleasanton,CA,94588",2011-07-13 10:57:45261,Error Company,"4401 Great America Parkway,1GA Building","Santa Clara,CA,95054",2007-05-30 11:13:04262,ERS - Embarcadero Realty Svcs,488 ALMADEN BLVD,"SAN JOSE,CA,95110",2012-07-13 19:40:19263,Escalate Retail,2200 Bridge Parkway,"Redwood city,CA,94065",2007-09-26 18:48:32264,Etology,1065 E. hillsdale blvd.,"Foster City,CA,94404",2010-08-17 17:09:42265,Evalve,4045 Campbell Avenue,"Menlo Park,CA,94025",2009-06-10 14:57:39266,Everdream Corporation,6591 Dumbarton Circle,"Fremont,CA,94555",2006-06-20 05:37:09267,Evotec,2 Corporate Drive,"South San Francisco,CA,94083",2007-01-05 14:46:14268,Exelixis,170 Harbor Way,"South San Francisco,CA,94083",2006-08-17 16:51:53269,Extra Team,"7031 Koll Center Parkway,Suite 250","Pleasanton,CA,94566",2011-07-11 12:49:36270,Extreme Networks,3585 Monroe Street,"Santa Clara,CA,95051",2007-03-26 17:08:17271,EYC USA,"6210 Stoneridge Mall Road,Suite 120","Pleasanton,CA,94588",2010-08-25 11:45:39272,Facebook,1601 Willow Road,"Menlo Park,CA,94025",2011-10-05 17:38:52273,Facet Biotech,34801 Campus Drive,"Fremont,CA,94555",2006-06-20 05:20:58274,Facet Biotech,1400 Seaport Blvd.,"Redwood City,CA,94063",2009-03-23 13:14:45275,Farmers Insurance,1190 Seratoga ave.,"San jose,CA,95129",2011-05-04 10:40:50276,FastScale Technology,"2550 Walsh Ave,Suite 100","Santa Clara,CA,95051",2009-09-04 11:46:41277,"FibroGen,Inc.",225 Gateway Blvd.,"South San Francisco,CA,94080",2007-11-27 09:41:12278,Fidelity National Title Group,4683 Chabot Drive,"Pleasanton,CA,94588",2011-07-11 06:51:52279,FINANCIAL ENGINES,"1804 Embarcadero Road,Suite 202","Palo Alto,CA,94303",2012-03-14 14:35:31280,Financialengines,"Arden Realty,Inc.,1804 Embarcadero Road,Suite 202","Palo Alto,CA,94303",2012-02-09 16:48:08281,finsphere,7041 Koll Center Pkwy,"Pleasanton,CA,94588",2011-07-14 07:01:38282,Fireclick,1565 Charleston Road,"Mountain View,CA,94043",2005-03-24 10:34:51283,Fireclick,1565 Charleston Road,"Mountain View,CA,94043",2005-03-24 10:31:51284,Fireclick,1565 Charleston Road,"Mountain View,CA,94043",2005-03-23 20:29:37285,"First Priority Financial, Inc.","3700 Hilborn Road,,Suite 700","FAIRFIELD,CA,94534",2009-09-28 11:33:50286,First Security Loan,6210 Stoneridge Mall road,"Pleasanton,CA,94588",2006-05-25 03:23:51287,FirstRain Inc,950 Tower Lane,"Foster City,CA,94404",2005-07-20 05:24:30288,Fitzgerald Abbott and Beardsley LLP,"1221 Broadway,21st Floor","Oakland,CA,94612",2009-11-17 09:11:04289,Foley,975 Mill Road,"Palo Alto,CA,94304",2009-05-29 02:22:17290,Foley and Mansfield PLLP,"1111 Broadway,10th Floor","Oakland,CA,94607",2010-02-05 00:16:41291,"Foran, O'Toole %26 Burke, LLC","321 North Clark Street,Suite 2450","Chicago, IL 60610",2010-04-09 22:34:33292,Formation Inc,950 Tower Lane,"Foster City,CA,94404",2005-07-20 05:25:15293,Fortinet,1090 Kifer Road,"Sunnyvale,CA,94086",2007-04-02 17:48:09294,Fortis General,"1 Lagoon Drive,Suite 100","Redwood city,CA,94065",2007-09-19 20:37:36295,Foster City Chamber of Commerce,"1001 E Hillsdale Blvd,8th Floor","Foster City,CA,94404",2009-01-30 06:50:02296,Fox Paine,950 Tower Lane,"Foster City,CA,94404",2005-07-20 05:23:00297,France Telecom,"801 Gateway Boulevard,Suite #500","South San Francisco,CA,94080",2005-09-30 16:32:51298,Francisco Partners,"2882 Sand Hill Road,Suite 280","Menlo Park,CA,94025",2005-11-03 07:25:56299,Franklin Templeton,"One Franklin Parkway,Building 970,1st Floor","San Mateo,CA,94403",2005-06-03 00:09:33300,Fujitsu (fma.fujitsu.com),1250 East Arques Avenue,"Sunnyvale,CA,94085",2006-04-06 13:02:42301,Fujitsu (ftxs.fujitsu.com),1250 East Arques Avenue,"Sunnyvale,CA,94085",2006-04-06 13:18:39302,Fujitsu (fujitsu-siemens.com),1250 East Arques Avenue,"Sunnyvale,CA,94085",2006-04-05 10:00:03303,Fujitsu (nms.fnc.fujitsu.com),"1250,East Arques Avenue","Sunnyvale,CA,94085",2006-06-01 04:18:49304,"Fujitsu, Inc.",1250 East Arques Avenue,"Sunnyvale,CA,94085",2006-04-06 12:03:37305,Future,"4000 Shoreline Court,Suite 400","South San Francisco,CA,94080",2009-08-18 22:44:32306,Gale Technologies,"2350 Mission College Boulevard,Suite 825","Santa Clara,CA,95054",2012-02-03 16:09:22307,Gap,901 Cherry Ave.,"San Bruno,CA,94066",2004-12-30 16:18:03308,GCA Law Partners LLP,1891 Landings Drive,"Mountain View,CA,94043",2005-03-31 19:22:18309,GCWP LLP,"2870 Gateway Oaks Drive,Suite 210","Sacramento,CA,95833",2009-05-27 02:52:42310,GE Fleet Services,950 Tower Lane,"Foster City,CA,94404",2005-07-20 05:25:54311,Gemfire Corporation,1220 Page Avenue,"Fremont,CA,94538",2009-06-08 11:01:27312,GeneHilltop,501 Grandview,"South San Francisco,CA,94080",2005-07-06 01:49:26313,Genencor,925 Page Mill Road,"Palo Alto,CA,94304",2009-06-16 12:39:27314,Genentech Catering Fleet,383 E. Grand Blvd.,"South San Francisco,CA,94080",2007-08-24 14:09:55315,Genentech Inc,1 Dna Way,"South San Francisco,CA,94080",2005-05-28 10:42:46316,General Electric,2211 North First Street,"San Jose,CA,95131",2008-11-11 13:02:02317,Gentiae,"900 Cherry Avenue,Fifth Floor","San Bruno,CA,94066",2005-04-15 20:51:28318,GEO Semiconductor Inc,"2350 Mission College Boulevard,-Nil-","Santa Clara,CA,95054-1552",2010-03-07 02:24:52319,"George E. Masker, Inc",887 71st Avenue,"Oakland,CA,94621",2009-04-01 15:26:02320,Gerber Retail Marketing,6200 Stoneridge Mall road,"Pleasanton,CA,94588",2007-02-23 11:44:07321,"Gilbert Associates, Inc.","2880 Gateway Oaks Drive,Suite 100","Sacramento,CA,95833",2009-05-27 01:03:51322,"Gilead Sciences, Inc",310 Lakeside Drive,"Foster City,CA,94404",2008-10-07 16:52:49323,Gilman Screens %26 Kitchens,"1001 E Hillsdale Blvd,8th Floor","Foster City,CA,94404",2009-01-30 06:47:54324,Glam Media,8000 Marina Blvd.,"Brisbane,CA,94005",2010-04-05 00:21:06325,Global English,"8000 Marina Boulevard,Suite 810","Brisbane,CA,94005",2009-08-13 01:11:54326,Global Recruiters of Pleasanton Network,5976 W. Las Positas Blvd.,"Pleasanton,CA,94588",2011-07-11 08:08:10327,Goldfarb and Lipman LLP,"1300 Clive Street,9th floor","Oakland,CA,94612",2009-11-05 05:54:13328,gomann,plamsof,"balmatta,CA,94030",2011-07-20 02:11:43329,Good Technology,4250 Burton Drive,"Santa Clara,CA,95052",2006-08-16 17:38:23330,Good View Real Estate,"2350 Mission College Boulevard,-Nil-","Santa Clara,CA,95054-1547",2010-03-07 02:05:03331,Google Enterprise Fleet,"1585 Charleston Road,Bldg 46","Mountain View,CA,95051",2007-09-19 15:04:50332,"Google, Inc.",Amphitheatre Parkway,"Mountain View,CA,95051",2004-08-29 01:48:26333,Gordon Associates Insurance,"1600 Bridge Parkway,Suite 103","Redwood city,CA,94065",2007-07-05 11:22:16334,gotango,"Arden,1804 Embarcadero Road,Suite 202","Palo Alto,CA,94303",2012-02-09 16:05:44335,Granite Insurance Brokers,"6600 Koll Center Parkway,Suite 100","Pleasanton,CA,94566",2009-02-10 09:03:03336,"Great American Insurance, Suite",950 Tower Lane,"Foster City,CA,94404",2005-07-20 05:27:00337,"GrowthPoint Technology Partners, LLC","835 Page Mill Road,-Nil-","Palo Alto,CA,94304",2010-04-09 20:07:29338,Grubb and Ellis Company,"155 Grand Ave.,Suite 115","Oakland,CA,94612",2011-06-17 19:18:50339,GS Management,5674 Sonoma Drive,"Pleasanton,CA,94566",2009-06-01 19:53:23340,Guckenheimer,"Three Lagoon Drive,Suite 325","Redwood City,CA,94065",2007-09-19 20:13:04341,Gunderson Dettmer,155 Constitution Drive,"Menlo Park,CA,94025",2006-07-24 17:51:17342,H and R Block,"20400,Suitevens Creek Blvd.","Cupertino,CA,95014",2006-06-11 05:36:08343,"Hall, Yee and Associates",1156 Clement Street,"San Francisco,CA,94118",2009-05-12 15:28:59344,Harris-Stratex,3200 Bridge Parkway,"Redwood city,CA,94065",2007-09-27 14:55:03345,Harvest Properties,1300 Island Drive,"Redwood city,CA,94065",2007-07-09 09:55:21346,Hatch Mott MacDonald,4301 Hacienda Drive,"Pleasanton,CA,94588",2011-07-13 10:37:33347,Health Access Solutions,"1051 E Hillsdale Blvd.,Suite 750","Foster City,CA,94404",2010-05-08 06:22:01348,HealthPlan of San Mateo,"701 Gateway Boulevard,Suite 400","South San Francisco,CA,94080",2005-09-30 16:38:46349,Heffernan Insurance Group,1808 Embarcadero Road,"Palo Alto,CA,94303",2007-09-20 10:36:49350,HEFFINS,"1804 Embarcadero Road,Suite 202","Palo Alto,CA,94303",2012-03-14 14:27:10351,Heffins,"Arden Realty,Inc.,1804 Embarcadero Road,Suite 202","Palo Alto,CA,94303",2012-02-09 16:35:12352,Hines,"6200 Stoneridge Mall road,Suite 320","pleasanton,CA,94588",2006-05-24 15:49:00353,Hirose Electrical,"20400,Suitevens Creek blvd","Cupertinio,CA,3250",2007-10-01 10:57:45354,Hitachi,650 Harry Road,"San Jose,CA,95120",2006-01-23 11:43:35355,HiTech Law,950 Tower Lane,"Foster City,CA,94404",2005-07-20 05:18:40356,Hope Services,460 E Middlefield Rd,"Mountain View,CA,94043-4037",2009-09-15 12:40:03357,"Host Analytics, Inc.","2200 Bridge Parkway,Suite 200","Redwood City,CA,94065",2010-04-20 16:37:36358,Huawei Technologies,2330 Central Expressway,"Santa Clara,CA,95050",2009-10-12 08:07:07359,Hudson Global Resources,950 Tower Lane,"Foster City,CA,Foster City",2005-07-22 07:26:44360,Hunter Douglas West,1870 Milmont Drive,"Milpitas,CA,95035",2009-04-29 14:06:18361,"Hyperpia, Inc.","900 Island Drive,Suite 203","Redwood City,CA,94065",2008-03-17 09:21:09362,I-Play/Digital Bridges,777 Mariners Island Blvd.,"San Mateo,CA,94404",2006-06-15 15:51:46363,I2c,"900 Island Drive,Suite 150","Redwood city,CA,94065",2007-07-05 11:54:59364,i365,"3101 Jay Street,Suite 110","Santa Clara,CA,95054",2009-04-07 13:23:59365,i365,"3101 Jay Street,Suite 110","Santa Clara,CA,95054",2009-03-25 13:05:05366,IB Sub Hub,"7031 Koll Center Parkway,Suite 260","Pleasanton,CA,94566",2011-07-11 11:05:28367,IBA West,7041 Koll Center Pkwy,"Pleasanton,CA,94588",2011-07-14 07:12:10368,IBM,650 Harry Road,"San Jose,CA,95120",2006-01-02 17:17:54369,ICOS Vision SySuitems,"3 Lagoon Drive,Suite 160","Redwood City,CA,94065",2007-09-19 20:21:13370,IDS Real Estate Group,950 Tower Lane,"Foster City,CA,94404",2005-07-21 09:12:06371,Ikanos Communications,47669 Fremont Blvd.,"Fremont,CA,94538",2009-04-29 13:44:55372,IKON,"2890 Gateway Oaks Drive,Suite 150","Sacramento,CA,95833",2009-05-26 23:56:13373,Ilog,1080 Linda Vista Ave,"Mountain View,CA,94043",2007-04-02 18:28:50374,"Imperva, Inc.",950 Tower Lane,"Foster City,CA,94404",2005-07-21 09:06:43375,IMS Health,"3 Lagoon Drive,Suite 230","Redwood City,CA,94065",2007-10-16 14:47:43376,IMS Health,"3 Lagoon Drive,Suite 230","Redwood City,CA,94065",2007-09-19 20:36:41377,"InDplay, Inc",3000 Bridge Pkwy.,"Redwood Shores,CA,94065",2007-07-27 14:55:01378,Infoblox,4750 Patrick Henry Drive,"Santa Clara,CA,95054",2009-01-12 10:33:46379,Informatica,100 Cardinal Way,"Redwood City,CA,94063",2009-10-14 05:36:51380,Infosys,Menlo Park,"Santa Clara,CA,92274",2011-11-10 12:48:45381,Ingenuity,1565 Charleston Road,"Mountain View,CA,94043",2005-03-23 20:37:09382,Inner Workings Inc,2350 Mission College Boulevard,"Santa Clara,CA,95054-1534",2010-03-03 18:11:23383,Intalio,"1000 Bridge Parkway,Suite 210","Redwood city,CA,94065",2007-07-05 11:09:49384,"Integrated Silicon Solution, Inc",1940 Zanker Road,"San Jose,CA,95112-4216",2009-06-03 01:56:14385,Intel,2200 Mission College Blvd.,"Santa Clara,CA,95054",2008-07-29 14:34:00386,Intellasys,"20400,Suitevens Creek Blvd,","Cupertino,CA,95014",2007-08-28 15:52:39387,InterCity Escrow,"6200 Stoneridge Mall Rd,Suite 130","Pleasanton,CA,94588",2012-03-14 13:40:41388,InterCity Escrow,6210 Stoneridge Mall road,"Pleasanton,CA,94588",2006-05-25 03:21:41389,InterMune,3280 Bayshore Blvd.,"Brisbane,CA,94005",2009-04-14 15:06:33390,Intuit Small Business,"2632 Marine Way,-Nil-","Mountain View,CA,94043",2010-03-20 20:11:39391,"Intuitive Surgical, Inc.","1266 Kifer Road,Building 101","Sunnyvale,CA,94086",2009-02-19 09:17:29392,"Investwest/Woods, Loeb","3 Lagoon Drive,Suite 260","Redwood City,CA,94065",2007-09-19 20:30:12393,"iPass, Inc",3800 Bridge Parkway,"Redwood city,CA,94065",2007-07-05 11:48:25394,Iroc Technologies,"2350 Mission College Boulevard,Suite 1170","Santa Clara,CA,95054-1559",2010-03-03 17:40:37395,Iron Construction,1962 Zanker Road,"San Jose,CA,95112",2009-06-03 00:53:51396,IronPort Special Event,950 Elm Avenue,"San Bruno,CA,94066",2007-08-27 17:23:07397,iTradeNetwork,"777 Mariners Island Blvd,Suite 400","San Mateo,CA,94404",2008-04-09 11:14:28398,IWINS,"150 Mathilda Place,Suite 208","Sunnyvale,CA,94086",2008-07-30 15:44:30399,IXL Learning,777 Mariners Island Blvd.,"San Mateo,CA,94404",2012-06-06 12:27:07400,"J S R Micro, Inc",1280 North Matilda Avenue,"Sunnyvale,CA,94089",2005-11-28 13:59:11401,Jabil Circuit,30 Great Oaks Blvd.,"San Jose,CA,95119",2006-11-22 15:22:04402,Jack in the Box,4301 Hacienda Drive,"Pleasanton,CA,94588",2011-07-18 09:32:06403,Jan Bashinski DNA Laboratory,"1001 Cutting Blvd,Suite 110","Richmond,CA,94804",2010-04-06 00:39:09404,Javelin Strategy and Research,4301 Hacienda Drive,"Pleasanton,CA,94588",2011-07-13 11:18:31405,Jazz Pharmaceuticals,3180 Porter Drive,"Palo Alto,CA,94304",2008-11-10 11:05:58406,Jefferies Broadview,950 Tower Lane,"Foster City,CA,94404",2005-09-01 07:38:07407,Johnson Dugan,"900 Cherry Avenue,4th floor","San Bruno,CA,94066",2009-08-12 21:32:47408,Jones Lang LaSalle Americas Inc.,"1200 Park Place,Suite 330","San Mateo,CA,94403",2010-04-03 21:54:58409,JPMorgan Chase and Co.,"2880 Gateway Oaks Drive,Suite 150","Sacramento,CA,95833",2009-05-27 02:40:51410,Juno,1 DNA way,"South San Francisco,CA,94080",2009-05-05 14:30:23411,Kaiser Permanente,"4480 Hacienda Drive,Building B (3051)","Pleasanton,CA,94588",2007-01-23 08:30:18412,Kaleidescape,440 Potrero Avenue,"Sunnyvale,CA,94085",2009-05-18 01:20:19413,"KaloBios Pharmaceuticals, Inc",260 East Grand Avenue,"South San Francisco,CA,94080",2008-07-31 18:02:17414,"Kastner Kim, LLP",2465 East Bayshore Road,"Palo Alto,CA,94303",2011-04-08 11:53:20415,Keenan,"1111 Broadway,Suite 2000","Oakland,CA,94607",2010-02-05 01:00:33416,Keller Williams Tri-Valley Realty,5976 W. Las Positas Blvd.,"Pleasanton,CA,94588",2011-07-11 09:22:30417,Kelly Litigation,"3 Lagoon Drive,Suite 225","Redwood City,CA,94065",2007-09-19 20:33:27418,"Kema services, Inc.","155 Grand ave.,Suite 500","Oakland,CA,94612",2011-01-26 07:52:08419,Kennet Venture Partners,950 Tower Lane,"Foster City,CA,94404",2005-07-22 07:15:57420,"Keynote Speakers, Inc.",1301 Shoreway Rd.,"Belmont,CA,94002",2011-05-10 16:07:50421,Keynote SySuitems,777 Mariners Island Blvd.,"San Mateo,,CA,94404",2006-03-23 11:51:21422,Killer,4301 Hacienda Drive,"Pleasanton,CA,94588",2011-07-13 07:29:49423,Kilpatrick Townsend,1000 Marsh Road,"Menlo Park,CA,94025",2012-06-05 14:40:26424,Kilpatrick Townsend,1000 Marsh Road,"Menlo Park,CA,94025",2012-06-05 14:35:59425,Kilpatrick Townsend,1000 Marsh Road,"Menlo Park,CA,94025",2012-06-05 14:35:59426,Kineto Wireless (bluzona.com),1601 McCarthy Road,"Milpitas,CA,95035",2006-03-15 11:57:59427,Kineto Wireless (kineto.com),1601 McCarthy Road,"milpitas,CA,95035",2006-03-15 11:48:12428,Kineto Wireless (kinetowireless.com),1601 McCarthy Road,"Milpitas,CA,95035",2006-03-08 14:07:19429,Kitchell,"2750 Gateway Oaks Drive,Suite 300","Sacramento,CA,95833",2009-06-02 00:39:33430,KLA Tencor,5451 Patrick Henry Drive,"Santa Clara,CA,95054",2009-06-03 03:14:30431,KNOX RICKSEN LLP,"1300 Clay Street,Suite 500","Oakland,CA,94612",2010-02-17 13:42:44432,Konami Digital Entertainment,975 Island Drive,"Redwood city,CA,94065",2007-07-05 12:14:19433,Konica Minolta,"1001 E Hillsdale Blvd,8th Floor","Foster City,CA,94404",2009-01-30 07:01:14434,Korn/Ferry,"3 Lagoon Drive,Suit 280","Redwood City,CA,94065",2007-09-19 20:23:06435,LAB126,"20450,Suitevens Creek Blvd,Suite 400","Cupertinio,CA,95014",2007-09-20 16:05:44436,LasikPlus,950 Tower Lane,"Foster City,CA,94404",2005-07-21 09:17:51437,Lattice SemiConductors Corporation,2660 Zanker Road,"San Jose,CA,95134",2009-10-21 03:31:37438,Law Office of Dana Michael Ritter,7031 Koll Center Pkwy,"Pleasanton,CA,94566",2011-07-11 11:25:00439,Law Office of Marjory A. Kaplan,"1300 Clay Street,Suite 820","Oakland,CA,94612",2009-11-12 08:30:12440,Leavitt Pacific Insurance Brokers,635 Campbell Technology Parkway,"Campbell,CA,95008",2007-03-19 06:39:22441,LeCroy,3385 Scott Boulevard,"Santa Clara,CA,95054",2007-04-04 16:26:16442,Lehrer Management,"20400,Suitevens Creek Blvd.","Cupertino,CA,95014",2006-06-11 05:42:58443,LEWIS BRISBOIS BRISGAARD AND SMITH LLP,"2850 Gateway Oaks Drive,Suite 450","Sacramento,CA,95833",2009-05-27 02:11:28444,"Lewis Pulse, Inc.","2465 East Bayshore Road,Suite 348","Palo Alto,CA,94303",2011-04-21 11:46:09445,LexisNexis,"201 Mission Street,26th Floor","San Francisco,CA,94105",2010-03-07 07:40:26446,Lifeguard Home Health,5976 W. Las Positas Blvd.,"Pleasanton,CA,94588",2011-07-11 07:22:57447,Lipman Insurance,39420 Liberty Street,"Fremont,CA,94538",2009-04-28 16:02:46448,LiteScape,"1000 Bridge Parkway,Suite 200","Redwood city,CA,94065",2007-07-05 11:34:47449,Lithotype,333 Point San Bruno Blvd.,"South San Francisco,CA,94080",2005-06-29 01:48:18450,Live365 Inc,950 Tower Lane,"Foster City,CA,94404",2005-07-21 09:22:41451,Lockheed Martin,3200 Zanker Rd,"San Jose,CA,95134",2005-03-29 07:30:08452,Luminescent Technologies,2471 E Bayshore Rd.,"Palo Alto,CA,94303",2011-04-06 15:05:44453,"M and C Association Mgmt Services, Inc.",4301 Hacienda Drive,"Pleasanton,CA,94588",2011-07-13 12:42:30454,"Mailroom Services, Inc","3400 Bridge Parkway,Suite 201","Redwood city,CA,94065",2007-07-05 13:17:21455,MainStreet,"950 High School Way,#3113","Mountain View,CA,94041",2004-10-29 04:31:58456,mainstreet - fjt,1250 East Arques Avenue,"Sunnyvale,CA,94085",2006-04-06 11:04:38457,Mainstreet - fjts,1250 East Arques Avenue,"Sunnyvale,CA,94085",2006-04-05 17:47:20458,MainStreet - ibm,555 Bailey Ave.,"San Jose,CA,95141-1099",2006-06-19 00:47:23459,mainstreet- fjt,1250 East Arques Avenue,"Sunnyvale,CA,94085",2006-04-05 16:56:16460,Mainstreet-fujitsu,1250 East Arques Avenue,"Sunnyvale,CA,94085",2006-04-05 16:54:52461,"MAJARO InfoSySuitems, Inc.","2350 Mission College Blvd.,Suite 700","Santa Clara,CA,95054-1552",2010-03-03 19:23:41462,Making Things,"945 22nd Ave.,Apt # 4","Oakland,CA,94606",2010-07-09 04:28:50463,Mallari Insurance Services,5976 W. Las Positas Blvd.,"Pleasanton,CA,94588",2011-07-11 07:52:16464,Mancini's Sleepworld,599 Hawthorn Place,"Livermore,CA,94550",2009-05-05 14:45:14465,MAQUET Cardiovascular,170 Baytech Drive,"San Jose,CA,95134",2008-07-30 15:36:22466,Marcus And Millichap Inc.,"525 14th Street,(Lower Level)","Oakland,CA,94607",2010-07-02 20:47:57467,Mark Thomas and Company,1960 Zanker Rd,"San Jose,CA,95112",2009-05-29 03:02:15468,MarketLive,"1001 E Hillsdale Blvd,8th Floor","Foster City,CA,94404",2009-01-30 06:56:31469,Mason McDuffie Mortgage,4301 Hacienda Drive,"Pleasanton,CA,94588",2011-07-13 07:30:58470,Matteson Realty,"1 Lagoon Drive,Suite 200","Redwood city,CA,94065",2007-09-19 20:24:23471,Mattson Technology,47131 Bayside Parkway,"Fremont,CA,94538",2009-07-22 09:22:41472,"McCarthy Asset Management, Inc","3 Lagoon Dr,Suite 155","Redwood City,CA,94065",2007-10-09 12:43:24473,McKESSON,One Post Street,"San Francisco,CA,94104",2009-11-12 07:43:00474,"MechanicNet Group, Inc.","6200 Stoneridge Mall Rd,Suite 130","Pleasanton,CA,94588",2012-03-13 13:58:33475,Medtronic Spinal and Biologics,1221 crossman avenue,"Sunnyvale,CA,94089",2011-03-17 13:22:36476,Memry Corporation,4045 Campbell Avenue,"Menlo Park,CA,94025",2009-06-10 13:13:29477,Mercado,6200 Stoneridge Mall Road,"Pleasanton,CA,94588",2008-02-27 10:02:17478,Mercedes-Benz,850 Hansen Way,"Palo Alto,CA,94304",2009-06-01 03:45:10479,Merchant eSolutions,975 Island Drive,"Redwood city,CA,94065",2007-07-05 12:30:47480,Mercury Interactive,379 North Whisman Road,"Mountain View,CA,94043",2005-06-08 22:21:59481,Merrill Lynch,3075 B Hansen Way,"Palo Alto,CA,94304",2006-08-10 15:07:12482,MetaLINCS,3151 Jay St.,"Santa Clara,CA,95054",2008-05-15 16:30:37483,MetLife Financial Services,950 Tower Lane,"Foster City,CA,94404",2005-07-22 07:21:28484,"MetricStream, Inc",3000 Bridge Parkway,"Redwood city,CA,94065",2007-07-05 11:34:53485,Miasole,2590 Walsh Avenue,"Santa Clara,CA,95051",2009-08-03 06:30:32486,Micro Precision,220 Devcon Drive,"San Jose,CA,95112",2009-05-27 23:04:36487,"Micron Technology, Inc","2125,O'Nel Drive","San Jose,CA,95131",2005-09-30 15:10:40488,Micrus Endovascular,821 Fox Lane,"San Jose,CA,95131",2007-06-12 11:21:47489,Mid-State Electric,1855 Kirkmont Drive,"San Jose,CA,95124",2009-10-27 10:25:26490,MiraiBio,"601 Gateway Blvd,Suite 100","South San Francisco,CA,94080",2007-08-03 10:12:00491,Mitsui,"20400,Suitevens Creek Blvd.","Cupertino,CA,95014",2006-06-11 06:13:12492,MobileIron,415 East Middlefield Road,"Mountain View,CA,94043",2012-07-17 15:50:15493,"Model N, Inc.",1800 Bridege Parkway,"Redwood city,CA,94065",2007-07-05 11:29:13494,"Mohler, Nixon and Williams","635 Campbell Technology Pkwy,Suite 100","Campbell,CA,95008",2007-01-15 11:51:50495,Mojo Sports,655 Campbell Technology Pkwy,"Campbell,CA,95008",2008-01-15 10:53:56496,Molecular Devices,1311 Orleans Drive,"Sunnyvale,CA,94089",2010-03-02 14:15:42497,Monogram Biosciences,345 OySuiter Point Boulevard,"South San Francisco,CA,94080",2007-06-04 18:48:45498,Morgan Stanley Dean Witter,"20400,Suitevens Creek Blvd.","Cupertino,CA,95014",2006-06-11 06:15:21499,MOROCH,"2880 Gateway Oaks Drive,Suite 150","Sacramento,CA,95833",2009-05-27 03:47:06500,Morrison FoerSuiter,"755 Page Mill Road,#8","Palo Alto,CA,94304",2007-10-19 14:59:58501,"Move,Inc",655 Campbell Technology Parkway,"Campbell,CA,95008",2007-09-11 09:45:28502,Murata Electronic,"3 Lagoon Drive,Suite 190","Redwood City,CA,94065",2007-09-19 20:28:50503,MyBuys,"1 Lagoon Drive,Suite 120","Redwood city,CA,94065",2007-09-19 20:30:10504,Mycfo,1700 Seaport Blvd,"Redwood,CA,94063",2007-06-12 12:59:45505,MySQL,"20450,Suitevens Creek Blvd.","Cupertino,CA,95014",2006-06-11 06:42:51506,MyTriggers,"One Lagoon Drive,Suite 450","Redwood City,CA,94065",2007-09-19 19:51:20507,Napo Pharmaceuticals,"250 East Grand Avenue,Suite 90","South San Francisco,CA,94083",2008-11-21 11:59:32508,Naresh Arora MS Taxation,"-Nil-,-Nil-","Santa Clara,CA,95054-1552",2010-03-04 12:32:41509,Narus,500 Logue Ave.,"Mountain View,CA,94303",2009-02-05 05:27:28510,Nationwide,"20400,Suitevens Creek Blvd.","Cupertino,CA,95014",2006-06-12 01:22:56511,"Nationwide Residential Lending, Inc.",7041 Koll Center Pkwy,"Pleasanton,CA,94588",2011-07-14 07:29:02512,Navigation Group,"3 Lagoon Drive,Suite 110","Redwood City,CA,94065",2007-09-20 16:30:07513,Navigenics,"1 Lagoon Drive,Suite 450","Redwood city,CA,94065",2008-06-10 10:42:44514,Navio SySuitems,"20400,Suitevens Creek Blvd.","Cupertino,CA,95014",2006-06-11 06:24:31515,Navman Wireless,4301 Hacienda Drive,"Pleasanton,CA,94588",2011-07-13 10:46:18516,Ncomputing,"1 Lagoon Drive,Suite 110","Redwood city,CA,94065",2007-09-19 20:35:01517,"NEC FiberOptech, Inc","20400,Suitevens Creek Blvd.","Cupertino,CA,95014",2006-06-11 06:30:56518,Nelson and Associates,6210 Stoneridge Mall road,"Pleasanton,CA,94588",2007-04-25 00:13:57519,Nelson Staffing,"6200 Stoneridge Mall Rd,Suite 130","Pleasanton,CA,94588",2012-03-13 11:26:27520,Nelson Staffing Solutions,6200 Stoneridge Mall road,"Pleasanton,CA,94588",2006-05-25 03:06:57521,Neoconix,639 N. Pastoria Ave,"Sunnyvale,CA,94085",2009-06-05 10:06:52522,Neopost,975 Island Drive,"Redwood city,CA,94065",2007-07-05 12:33:45523,NEOS GeoSolutions Inc,"6200 Stoneridge Mall Rd,Suite 130","Pleasanton,CA,94588",2012-03-13 13:39:03524,Nestle Nutrition,"6200 Stoneridge Mall Rd,Suite 130","Pleasanton,CA,94588",2012-03-13 11:21:15525,Net,6900 Paseo Padre Parkway,"Fremont,CA,94555",2009-07-14 14:55:01526,Net Optics,5303 Betsy Ross Dr.,"Santa Clara,CA,95054",2009-05-31 23:58:19527,NetApp,495 East Java Drive,"Sunnyvale,CA,94089",2006-10-17 00:52:22528,"Netflix, Inc.",100 WincheSuiter Circle,"Los Gatos,CA,95032",2008-06-25 11:59:09529,Netlogic,1875 Charleston Road,"Mountain View,CA,94043",2005-05-11 13:29:01530,"NetScout SySuitems, Inc",178 E. Tasman Drive,"San Jose,CA,95134",2005-07-15 02:24:33531,Neuraltus Pharmaceuticals,"2483 E. Bayshore Road,Suite 212","Palo Alto,CA,94303",2011-07-07 09:41:56532,NeuroPace,1375 Shorebird Way,"Mountain View,CA,94043",2007-02-23 13:27:11533,New Cardio Inc,"-Nil-,-Nil-","Santa Clara,CA,95054-1555",2010-03-04 12:10:18534,New England Financial,950 Tower Lane,"Foster City,CA,94404",2005-09-14 23:43:50535,New World Funding,6210 Stoneridge Mall road,"Pleasanton,CA,94588",2006-05-25 03:27:12536,New York Life,6210 Stoneridge Mall road,"Pleasanton,CA,94588",2006-05-25 03:29:18537,"NewlineNoosh, Inc","1300 Island Drive,Suite 201","Redwood city,CA,94065",2007-07-05 11:52:04538,NewN,"1 Lagoon Drive,Suite 130","Redwood city,CA,94065",2007-09-19 20:32:43539,Nexxo Financial,"1150 Bayhill Drive,Suite 300","San Bruno,CA,94066",2009-02-27 05:56:13540,NGM Biopharmaceuticals,630 Gateway Blvd.,"South San Francisco,CA,94080",2009-05-31 02:34:40541,Nichols Consulting Engineers,501 Canal Blvd,"Richmond,CA,94804",2009-04-23 15:00:23542,Nintendo,1400 Bridge Parkway,"Redwood city,CA,94065",2007-09-27 08:22:24543,Nokia,955 Page Mill road,"Palo Alto,CA,94304",2009-05-29 00:56:39544,Nominum,"2000 Seaport Boulevard,Suite 400","Redwood City,CA,94063",2009-06-15 08:45:17545,North Point,"6200 Stoneridge Mall Road,Suite # 210","Plesanton,CA,94588",2006-07-11 13:37:58546,Northpoint Financial,6200 Stoneridge Mall road,"Pleasanton,CA,94588",2006-05-25 02:47:22547,Novariant,45700 Northport Loop East,"Fremont,CA,94538",2009-03-16 19:06:30548,Novartis,4560 Horton Street,"Emeryville,CA,94608",2006-03-21 14:46:52549,Novawave Technology,900 Island Drive,"Redwood city,CA,94065",2007-07-05 11:55:59550,Novellus,3950 North First Street,"San Jose,CA,95134",2007-06-29 10:54:45551,"Nut Tree Gas, Inc.","6200 Stoneridge Mall Rd,Suite 130","p,CA,94588",2012-03-13 11:27:25552,Nutanix,"2350 Mission College Blvd.,Suite 215","Santa Clara,CA,95054",2010-04-28 07:08:40553,Nvidia Corp,2701 Santomas Expressway,"Santa Clara,CA,95050",2007-06-14 11:06:21554,Oati,"2200 Bridge Parkway,Suite 200","Redwood city,CA,94065",2010-04-20 16:48:22555,On Assignment,6200 Stoneridge Mall Road,"Pleasanton,CA,94588",2008-08-28 14:56:06556,Online Computer Library Center,777 Mariners Island Blvd,"San mateo,CA,94404",2008-11-11 08:01:50557,OOMA,"1804 Embarcadero Road,Suite 202","Palo Alto,CA,94303",2012-03-14 15:23:17558,Ooma,"Arden Realty,Inc.,1804 Embarcadero Road,Suite 202","Palo Alto,CA,94303",2012-02-09 16:52:35559,Openlane,2200 Bridge Parkway,"Redwood City,CA,94065",2009-12-03 01:26:27560,Opto waves,1982B Zanker Road,"San Jose,CA,95112",2009-06-02 23:11:12561,Oracle,500 Oracle Parkway,"Redwood City,CA,94065",2006-07-07 09:35:55562,Oracle Pleasanton HQ,4500 PeopleSoft Parkway,"Pleasanton,CA,94588",2006-11-30 17:25:35563,Orange Facilities FTGroup,"801 Gateway BLVD,Suite 500","South San Francisco,CA,94080",2007-08-10 14:47:37564,Orchard Commercial Property Management,777 Mariners Island Blvd.,"San Mateo,CA,94404",2006-06-15 17:31:14565,Orrick,1000 Marsh Road,"Menlo Park,CA,94025",2006-07-24 17:43:53566,"Ourboboros Medical, Inc.",5976 W. Las Positas Blvd.,"Pleasanton,CA,94588",2011-07-11 08:45:10567,Outerbay,"20400,Suitevens Creek Blvd.","Cupertino,CA,95014",2006-06-11 06:17:54568,P and G,11th street entrance,"oakland,CA,94612",2010-05-25 16:22:08569,P K Consultants,"8393 Capwell Dr,Suite 160","Oakland,CA,94612",2010-03-07 06:41:08570,PAC WEALTH ADVISORS,"1804 Embarcadero Road,Suite 202","Palo Alto,CA,94303",2012-03-14 14:30:12571,"Pacific Agri-Products, Inc",477 Forbes Boulevard,"South San Francisco,CA,94080-2017",2009-09-21 11:08:51572,Pacific Business Centers,"19925,Suitevens Creek Blvd.,Suite 100","Oakland,CA,95014-2358",2010-03-21 04:05:47573,"Pacific Coast Seed, Inc",533 Hawthorne Place,"Livermore,CA,94551",2009-07-24 05:55:48574,Pacific Guarantee Mortgage,950 Tower Lane,"Foster City,CA,94404",2005-07-22 07:27:59575,"Pacific International Bearing, Inc",33258 Central Avenue,"Union City,CA,94587",2009-07-28 05:35:46576,Pacific National Bank,2870 Gateway Oaks Drive,"Sacramento,CA,95833",2009-05-27 04:05:50577,Pacific Partners,"1001 E Hillsdale Blvd,8th Floor","Foster City,CA,94404",2009-01-30 07:04:20578,Pacific Shores,1400 seaport blvd.,"Redwood City,CA,94063",2010-06-17 11:50:16579,PacketHOP,"1000 Bridge Parkway,Suite 100","Redwood city,CA,94065",2007-07-05 11:00:21580,Pacsgear,4301 Hacienda Drive,"Pleasanton,CA,94588",2011-07-21 13:32:16581,Pacwealthadvisors,"Arden Realty,Inc.,1804 Embarcadero Road,Suite 202","Palo Alto,CA,94303",2012-02-09 16:39:04582,Pai Accountancy,1413 Grant road,"Mountain View,CA,94041",2008-05-07 13:04:04583,Palo Alto Staffing Services,"2471 E. Bayshore Road,Suite 525","Palo Alto,CA,94303",2011-04-11 19:37:31584,"PAN AMERICAN INSURANCE AGENCY, INC","2880 Gateway Oaks Drive,Suit 310","Sacramento,CA,95833",2009-05-27 04:20:30585,Panalpina,950 Tower Lane,"Foster City,CA,94404",2005-07-20 04:51:52586,Paragon Point,"Three Lagoon Drive,Suite 100","Redwood City,CA,94065",2007-09-27 09:44:53587,Parasec,"2804 Gateway Oaks Drive,Suite 200","Sacramento,CA,95833",2009-06-02 19:42:14588,Parca,777 Mariners Island Blvd.,"San Mateo,CA,94404",2006-06-15 17:20:15589,Patton Martin and Sullivan LLP,"6600 Koll Center Parkway,Suite 250","Pleasanton,CA,94566",2009-11-17 03:14:37590,Paul Hastings,1117 S. California Avenue,"Palo Alto,CA,94304",2009-07-29 08:53:25591,Payless Memory,5976 W. Las Positas Blvd.,"Pleasanton,CA,94588",2011-07-11 09:01:50592,PayPal,"x,x","x,CA,11111",2005-01-26 00:57:04593,PDI Dreamworks,1800 seaport blvd.,"Redwood City,CA,94063",2009-06-12 14:43:41594,Peakstream,975 Island Drive,"Redwood city,CA,94065",2007-07-05 13:36:50595,Pelco,4301 Hacienda Drive,"Pleasanton,CA,94588",2011-07-22 07:22:57596,Pen Cal,6210 Stoneridge Mall road,"Pleasanton,CA,94588",2006-05-25 03:34:21597,PenCal,"6200 Stoneridge Mall Rd,Suite 130","Pleasanton,CA,94588",2012-03-13 13:35:29598,PENSKE Corporation,5976 W. Las Positas Blvd.,"Pleasanton,CA,94588",2011-07-13 10:03:03599,Pepsi,6140 Stoneridge Mall road,"Pleasanton,CA,94588",2006-06-29 05:52:35600,"Perfect World, Inc",2200 Bridge Parkway,"Redwood city,CA,94065",2008-05-07 16:22:42601,Performant Financial Coproration,"333 North Canyons Parkway,Suite 100","Livermore,CA,94551",2006-07-24 05:01:14602,Pericom,3545 North First Street,"San Jose,CA,95134",2009-05-21 07:41:08603,Perkins Coie LLP,101 Jefferson Drive,"Menlo Park,CA,94025",2008-07-25 15:09:09604,Perquest,"1333 Broadway,Suite 1015","Oakland,CA,94612",2009-11-18 03:09:37605,Pfizer,240 E Grand Ave,"South San Francisco,CA,94083",2009-09-10 11:59:24606,PFU SySuitem,1250 East Arques Avenue,"Sunnyvale,CA,94085",2012-05-04 11:54:03607,PGP Corporation,200 Jefferson Drive,"Menlo Park,CA,94025",2008-07-29 13:21:45608,Philips,370 West Trimble Road,"San Jose,CA,95134",2008-09-08 07:10:25609,Phillip Morris,"6150,Stoneridge Mall Rd.","Pleasanton,CA,94588",2007-04-25 12:32:17610,Phylogy Inc,"2350 Mission College Boulevard,-Nil-","Santa Clara,CA,95054-1542",2010-03-07 01:06:43611,Pillsbury,2475 Hanover Street,"Palo Alto,CA,94304-1114",2009-07-29 06:02:25612,Pitney Bowes,4301 Hacienda Drive,"Pleasanton,CA,94588",2011-07-22 03:48:17613,Pivotal SySuitems Corporation,4683 Chabot Drive,"Pleasanton,CA,94588",2011-07-11 07:50:47614,PLURIBUS NETWORKS,"1804 Embarcadero Road,Suite 202","Palo Alto,CA,94303",2012-03-14 15:26:42615,pluribusnetworks,"Arden Realty,Inc.,1804 Embarcadero Road,Suite 202","Palo Alto,CA,94303",2012-02-09 16:56:29616,pluribusnetworks,"Arden Realty,Inc.,1804 Embarcadero Road,Suite 202","Palo Alto,CA,94303",2012-02-09 16:56:22617,PLX Technology,870 W. Maude Avenue,"Sunnyvale,CA,94085",2009-08-13 00:03:25618,PneumRx,530 Logue Avenue,"Mountain View,CA,94043",2009-03-09 04:06:44619,Polycom,6001 America Center Dr.,"San Jose,CA,95002",2012-03-27 16:01:21620,Portola Pharmaceuticals Inc.,"270 E. Grand Avenue,Suite 22","South San Francisco,,CA,94080",2007-11-05 12:46:53621,Pran Enterprises,"21265,Suitevens Creek Blvd,#205-349","Cupertino,CA,95014",2007-04-23 02:19:27622,Pro Vost SySuitems,"2350 Mission College Boulevard,-Nil-","Santa Clara,CA,95054-1532",2010-03-04 15:14:05623,Proferi,2200 Bridge Parkway,"Redwood City,CA,94065",2010-07-28 14:19:31624,"Prometheus Real Estate Group, Inc.","20400,Suitevens Creek Blvd.,Suite 130","Cupertino,CA,95014",2006-06-07 13:33:17625,Pronet solutions,"2750 Gateway Oaks Drive,Suite 340","Sacramento,CA,95833",2009-06-02 02:09:57626,Proteus Biomedical,"2600 Bridge Parkway,Suite 101","Redwood city,CA,94065",2007-07-05 11:16:58627,Pulte Homes,"6200 Stoneridge Mall Rd,Suite 130","Pleasanton,CA,94588",2012-03-13 13:33:07628,Pulte Homes,6210 Stoneridge Mall road,"Pleasanton,CA,94588",2006-05-25 03:37:46629,"Purity SySuitems, Inc.","1013 Pardee Street,Suite 102","Berkeley,CA,94710",2005-07-06 04:10:00630,Purple Tie,500 Howland street,"Redwood city,CA,94063",2007-05-29 17:13:31631,PWC-PriceWaterhouseCoopers,"EMBARCADERO REALTY SERVICES LP,488 ALMADEN BLVD","SAN JOSE,CA,95110",2012-07-13 19:41:43632,"Qualcomm, Inc",675 Campbell Technology Parkway,"Campbell,CA,95008",2007-01-17 23:31:05633,Qualys,1600 Bridge Parkway,"Redwood city,CA,94065",2007-07-05 11:25:09634,Questra,"3200 Bridge Parkway,Suite 101","Redwood city,CA,94065",2007-07-05 12:03:39635,Quia Corporation,777 Mariners Island Blvd.,"San Mateo,CA,94404",2006-06-15 15:57:38636,QuickLogic Corporation,1277 Orleans Drive,"Sunnyvale,CA,94089",2009-01-30 07:53:39637,Quilogy,"2880 Gateway Oaks Drive,Suite 350","Sacramento,CA,95833",2009-05-27 04:35:50638,QuinStreet,"1001 E Hillsdale Blvd,8th Floor","Foster City,CA,94404",2009-01-30 07:05:52639,Qwikker,975 Island Drive,"Redwood city,CA,94065",2007-07-05 12:28:04640,R R Donnelley,"111 South Wacker Dr.,-Nil-","Chicago, IL 60606",2010-04-09 18:02:21641,R R Donnelley,"2350 Mission College Boulevard,Suite 875","Santa Clara,CA,95054-1566",2010-03-03 15:44:04642,Radlo and Su LLP,"2479 E. Bayshore Blvd.,Suite 800","Palo Alto,CA,94303",2011-04-07 13:47:29643,Raney Insurance,5976 W. Las Positas Blvd.,"Pleasanton,CA,94588",2011-07-13 08:23:00644,Rapiscan SySuitems,520 Almanor Avenue,"Sunnyvale,CA,94085-3533",2009-06-05 12:24:45645,Raven Biotechnologies,2 Corporate Drive,"South San Francisco,CA,94080",2008-03-11 14:52:31646,"Rearden Commerce, Inc.","1001 E Hillsdale Blvd,8th Floor","Foster City,CA,94404",2009-01-20 07:47:58647,Red Seal,"1 Lagoon Drive,Suite 375","Redwood city,CA,94065",2007-09-19 20:07:58648,RedWhale Software,"3 Lagoon Drive,Suite 270","Redwood City,CA,94065",2007-09-19 20:26:41649,Regus,6200 Stoneridge Mall road,"Pleasanton,CA,94588",2006-05-25 03:03:09650,Reliance Realty Group,"6200 Stoneridge Mall Rd,Suite 130","Pleasanton,CA,94588",2012-03-13 11:54:05651,Renewable Funding,"155 Grand ave.,3rd floor","Oakland,CA,94612",2011-01-26 07:27:31652,Responsys,"3 Lagoon Drive,Suite 300","Redwood City,CA,94065",2007-09-19 20:19:24653,Rhombus,sakinaka,"mumbai, MA 12313",2006-03-23 12:26:16654,Ring Central,"1 Lagoon Drive,Suite 350","Redwood city,CA,94065",2007-09-19 20:11:29655,River Terrace Apartments,730 Agnew Road,"Santa Clara,CA,95054",2008-08-22 08:53:05656,"RKI Instruments, Inc",33248 Central Avenue,"Union City,CA,94587",2009-07-28 05:22:54657,RLI,"9025 North Lindbergh Dr.,,-Nil_","Peoria, IL 61615-1499",2010-04-29 03:08:00658,Robert Half International,2350 Mission College Boulevard,"Santa Clara,CA,95054-1532",2010-03-03 18:15:18659,Roche Palo Alto,3431 Hillview Ave,"Palo Alto,CA,94304",2007-10-31 12:48:14660,Rocket Fuel,"1 Lagoon Drive,Suite 450","Redwood City,CA,94065",2009-02-03 06:12:20661,ROCKET FUEL INC,"350 Marine Parkway,Suite 220 Marina Park Center","Redwood City,CA,94065",2012-04-23 11:41:17662,Rocket Fuel Inc.,"350 Marine Parkway,Suite 220 Marina Park Center","Redwood City,CA,94065",2012-04-23 11:35:33663,Rocket Fuel Inc.,"350 Marine Parkway,Suite 220 Marina Park Center","Redwood City,CA,94065",2012-04-23 10:58:02664,Romee added,5976 W. Las Positas Blvd.,"Pleasanton,CA,94588",2011-07-11 08:32:53665,RREEF,2880 Gateway Oaks Drive,"Sacramento,CA,95833",2009-05-27 02:39:25666,RubiconSoft Inc,950 Tower Lane,"Foster City,CA,94404",2005-07-22 07:32:45667,Rudolph and Sletten,1600 Sea Port Blvd,"Redwood city,CA,94063",2007-07-13 09:51:55668,Saba Software,2400 Bridge parkway,"Redwood city,CA,94065",2007-07-05 10:59:41669,Safeway,"6200 Stoneridge Mall Rd,Suite 130","Pleasanton,CA,94588",2012-03-13 13:42:54670,Safeway,6220 Stoneridge Mall road,"Pleasanton,CA,94588",2006-05-25 03:58:00671,Saifun Semiconductors USA Inc,"-Nil-,-Nil-","Santa Clara,CA,95054-1532",2010-03-04 10:54:11672,Salesforce.com,900 Concar drive,"San Mateo,CA,94402",2010-04-03 15:14:58673,Samsung,75 W. Plumeria Drive,"San Jose,CA,95134",2007-04-02 17:48:58674,San Mateo County Community College District,3401 CSM Drive,"San Mateo,CA,94402",2010-04-22 10:17:58675,San Mateo County Medical Association,777 Mariners Island Blvd.,"San Mateo,CA,94404",2006-06-15 16:03:37676,San Mateo County Office of Education,"3 Lagoon Drive,101 Twin Dolphin Drive","Redwood City,CA,94065-1064",2008-07-14 11:09:01677,Sangamo,1003 W. Cutting Blvd,"Richmond,CA,94804",2009-04-21 16:48:08678,Sanmina-SCI Corporate,2700 North First Street,"San Jose,CA,95134",2006-06-20 05:43:39679,SAP,950 Tower Lane,"Foster City,CA,94404",2005-07-22 07:36:56680,Satmetrix SySuitems Inc,950 Tower Lane,"Foster City,CA,94404",2005-07-22 07:41:33681,SAWYER Law Group,"2465 E. Bayshore Road,Suite 406","Palo Alto,CA,94303",2011-05-26 18:27:07682,Scates Construction Inc.,1109 Grandview Dr.,"South San Francisco,CA,94080",2005-07-06 04:02:38683,"Schuff, Suiteel","1300 Clay Street,Suite 800","Oakland,CA,94612",2010-02-07 21:47:22684,"Scion Capital, LLC","20400,Suitevens Creek Blvd.","Cupertino,CA,95014",2006-06-11 06:33:19685,Seagate Services,3151 Jay Street,"Santa Clara,CA,95054",2008-06-26 08:59:16686,Sears Holdings Corporation,"3333 Beverly Road,-Nil-","Hoffman Estates, IL 60179",2010-04-17 04:43:18687,Seiler and Company,"3 Lagoon Drive,Suite 400","Redwood City,CA,94065",2007-09-19 20:07:14688,Sezmi,"1301 Shoreway Road,Suite 310","Belmont,CA,94002",2011-04-21 11:07:56689,SF Zoo,1 Zoo Rd,"San Francisco,CA,94132",2008-06-18 09:43:48690,SGI,1140 E. Arques Ave.,"Sunnyvale,CA,94085",2008-01-07 11:37:02691,"Shearman and, Suiterling","1080 Marsh Road,","Menlo Park,CA,94025",2007-08-02 09:00:43692,ShenWei,"33278 Central Avenue,Suite 102","Union City,CA,94587",2009-07-14 09:36:08693,Shiseido Cosmetics,"1 Lagoon Drive,Suite 160","Redwood city,CA,94065",2007-09-19 20:27:22694,Shopping.com,8000 Marina Blvd.,"Brisbane,CA,94005",2010-04-05 00:45:44695,ShorenSuitein Realty Services,500 12th Street,"Oakland,CA,94607-4075",2009-11-05 05:44:20696,ShoreTel,"960,Suitewart Dr.","Sunnyvale,CA,94085",2009-02-05 04:36:11697,Shutterfly,"2800 Bridge Parkway,Suite 101","Redwood city,CA,94065",2007-07-05 11:44:37698,SideSuitep,3131 Jay St,"Santa Clara,CA,95054",2006-09-18 01:24:47699,"Siebel SySuitems, Inc.",2207 Bridgepointe Pkwy,"San Mateo,CA,94404",2005-10-07 07:29:42700,Siegel and Yee,499 14th Street,"Oakland,CA,94612",2009-11-06 08:29:00701,Siegfriedgroup,5450 Great America Pkwy,"Santa Clara,CA,94041",2008-07-08 15:04:45702,Signature Devices,"3000 Bridge Parkway,Suite 101","Redwood city,CA,94065",2007-07-05 11:41:25703,"Silicon Valley Microelectronics, Inc",2985 Kifer Road,"Santa Clara,CA,95051-0802",2008-04-30 09:32:52704,"Silverback SySuitems, Inc",655 Campbell Technology Parkway,"Campbell,CA,95008",2007-01-15 11:44:00705,Silverspring Networks,555 Broadway Street,"Redwood City,CA,94063",2010-05-25 20:14:06706,Simpson Thacher,2550 Hanover Street,"Palo Alto,CA,94304",2007-04-24 10:18:51707,"Simpson, Garrity and Innes","601 Gateway Boulevard,Suite 850","South San Francisco,CA,94080",2007-04-02 16:02:58708,SiRF,217 Devcon Drive,"San Jose,CA,95112",2009-05-28 20:01:00709,Skeletal Kinetics,10201 Bubb Road,"Cupertino,CA,95014",2010-02-24 18:32:22710,SkyGrid,"1200 Crossman Ave,2nd Floor","Sunnyvale,CA,94089",2008-10-03 06:25:30711,Skype,8000 Marina Blvd.,"Brisbane,CA,94005",2010-04-05 00:55:04712,Sling Media,"1001 E Hillsdale Blvd,8th Floor","Foster City,CA,94404",2009-01-30 07:02:58713,Smart ERP,"6200 Stoneridge Mall Road,Suite 236","Pleasanton,CA,94588",2010-08-25 11:20:06714,Smart ERP Solutions,"6200 Stoneridge Mall Rd,Suite 130","Pleasanton,CA,94588",2012-03-13 11:59:58715,Smart Modular Technologies,39870 Eureka Dr.,"Newark,CA,94560",2009-09-16 11:42:27716,SmartZip Inc,"6200 Stoneridge Mall Rd,Suite 130","Pleasanton,CA,94588",2012-03-13 13:49:29717,Solargen Energy,"20400,Suitevens Creek Boulevard,Suite 700","Cupertino,CA,95014",2009-06-25 09:19:21718,SolFocus,510 Logue Avenue,"Mountain View,CA,94043",2009-03-09 03:58:47719,Solid IT,"20400,Suitevens Creek Blvd.","Cupertino,CA,95014",2006-06-11 05:40:21720,Solutionsoft Inc,"-Nil-,-Nil-","Santa Clara,CA,95054-1532",2010-03-04 12:53:38721,"Solyndra, Inc.",47700 Kato Road,"Fremont,CA,94538",2008-07-29 14:34:18722,Sonics Smart Interconnects,"1098 Alta Avenue,Suite 101","Mountain View,CA,94043-1206",2005-03-31 20:03:18723,Sony,3300 Zanker Rd,"san jose,CA,95134",2005-04-12 17:51:22724,"Sony Computer Entertainment America, Inc.",950 Tower Lane,"Foster City,CA,94404",2005-09-01 07:46:20725,Sorenson Communications,4301 Hacienda Drive,"Pleasanton,CA,94588",2011-07-13 08:23:09726,South Bay Development Company,"2350 Mission College Blvd.,Suite 365","Santa Clara,CA,95054",2010-03-02 18:08:32727,Spansion,"915 Deguigne Drive,PO Box 3453","Sunnyvale,CA,94088",2008-11-11 11:48:56728,Specialty Funding,777 Mariners Island Blvd,"San Mateo,CA,94404",2006-06-12 12:35:32729,Specialty's Caf %26 Bakery,"6200 Stoneridge Mall Rd,Suite 130","Pleasanton,CA,94588",2012-03-13 12:05:30730,Specialtysdirect,1100 Island Dr,"Redwood City,CA,94065",2008-09-11 08:34:37731,Spirent Communications Inc.,"1325 Borregas Avenue,-Nil-","Sunnyvale,CA,94089",2010-03-27 14:24:19732,Splunk,"20400,Suitevens creek blvd.,Suite 750","Cupertino,CA,95014",2011-07-15 11:31:35733,Sprint Spectrum Realty Company,4683 Chabot Drive,"Pleasanton,CA,94588",2011-07-11 08:00:16734,SRS,"6200 Stoneridge Mall road,P.O. Box 8116","Pleasanton,CA,94588",2008-07-02 09:52:55735,Staley Jobson,"6200 Stoneridge Mall Rd,Suite 130","Pleasanton,CA,94588",2012-03-13 13:29:33736,"Staley, Jobson and Ford",6210 Stoneridge Mall road,"Pleasanton,CA,94588",2006-05-25 03:40:05737,Stanford University,3145 Porter Drive,"Palo Alto,CA,94304",2010-01-19 02:05:45738,State Farm Insurance,"6200 Stoneridge Mall Rd,Suite 130","Pleasanton,CA,94588",2012-03-13 13:26:50739,Station 49_Unknown,Cupertino Center,"Cupertino,CA,95014",2007-03-20 02:54:49740,Station 81_Unknown,Campbell Technology Parkway,"Campbell,CA,unknown",2007-03-06 03:00:07741,Suitellartech Research Corporation.,1346 Bordeaux Drive,"Sunnyvale,CA,94089",2006-06-21 18:35:22742,SuitemCells Inc.,3155 Porter Drive,"Palo Alto,CA,94304",2006-08-10 17:35:41743,Suiterling Commerce,800 Concar drive,"San Mateo,CA,94402",2010-04-03 15:09:45744,"Stiefel Laboratories, Inc",3160 Porter Drive,"Palo Alto,CA,94304",2008-02-01 17:35:00745,Stratify,501 Ellis Street,"Mountain View,CA,94043",2009-10-08 09:14:38746,StrongMail SySuitems,"1300 Island Drive,Suite 200","Redwood city,CA,94065",2007-07-05 11:55:26747,Studley,1661 Page Mill Road,"Palo Alto,CA,94304",2006-07-14 18:01:32748,Subscription,950 HighSchool Way #3113,"Mountain View,CA,94041",2005-10-13 17:09:45749,Sugar LTD,280 East Grand Avenue,"San Jose,CA,94041",2007-09-13 08:14:59750,SumTotal,1808 North Shoreline Boulevard,"Mountain View,CA,94043",2009-07-13 13:20:18751,Sun MicrosySuitems,4150 Network Circle,"Santa Clara,CA,95054",2004-12-08 03:07:00752,Sun-Maid Growers of California,4683 Chabot Drive,"Pleasanton,CA,94588",2011-07-11 06:44:46753,SUNDT,"2860 Gateway Oaks Boulevard,Suite 300","Sacramento,CA,95833",2009-05-27 02:28:36754,"Sunesis Pharmaceuticals, Inc",345 OySuiter Point Boulevard,"South San Francisco,CA,94080",2007-10-08 14:45:40755,SuperValu,4301 Hacienda Drive,"Pleasanton,CA,94588",2011-07-22 07:58:47756,Sutter Health,"2200 River Plaza Drive,Suite 150","Sacramento,CA,95833",2009-05-27 04:02:23757,SV Life Sciences,950 Tower Lane,"Foster City,CA,94404",2005-07-22 07:46:31758,SVB Financial Group,2400 Hanover Street,"Palo Alto,CA,94304",2009-03-09 05:32:23759,Sycomp,950 Tower Lane,"Foster City,CA,94404",2005-07-22 07:50:52760,Symantec,"20330,Suitevens Creek Blvd,","Cupertino,CA,95014",2006-06-12 01:43:28761,symbian,"1051 E. Hillsdale Blvd.,Suite 520","Foster City,CA,94404",2009-06-29 10:15:11762,Tadpole Computer,"20450,Suitevens Creek Blvd.","Cupertino,CA,95014",2006-06-11 06:40:38763,Tambourine Inc,950 Tower Lane,"Foster City,CA,94404",2005-07-22 07:55:12764,TANGO,"1804 Embarcadero Road,Suite 202","Palo Alto,CA,94303",2012-03-14 14:16:17765,tango,"Arden Realty,Inc.,1804 Embarcadero Road,Suite 202","Palo Alto,CA,94303",2012-02-09 16:04:47766,Tapware,1098 Alta Avenue,"Mountain View,CA,94043",2005-03-31 19:35:10767,Tau-Metrix Inc,"-Nil-,-Nil-","Santa Clara,CA,95054-1546",2010-03-04 14:01:18768,Tavant Technologies,"3101 Jay Street,Suite 101","Santa Clara,CA,95054",2008-02-07 12:11:09769,TCI Properties,"3 Lagoon Drive,Suite 200","Redwood City,CA,94065",2007-09-19 20:31:56770,Technical Sales Inc Fusion,"2350 Mission College Boulevard,-Nil-","Santa Clara,CA,95054-1532",2010-03-07 01:30:36771,Technology Credit Union,2010 North First Street,"San Jose,CA,95131",2009-05-22 03:13:41772,Tela Innovations Inc,655 Campbell Technology Pkwy,"Campbell,CA,95008",2007-07-13 11:49:32773,Tele Atlas,"1700 Seaport Blvd #150,","Redwood City,CA,94063",2007-04-23 14:52:10774,Telegent SySuitems,470 Potrero Ave.,"Sunnyvale,CA,94085",2009-03-26 11:35:26775,Telesoft Partners,"950 Tower Lane,Suite #1600","Foster city,CA,94404",2005-11-28 17:17:08776,Tellabs,2220 Central Expressway,"Santa Clara,CA,95050",2007-05-29 09:29:34777,Terra Nova Counseling,5777 Madison Ave.,"Sacramento,CA,95841",2009-09-23 16:31:25778,tesssstt,"3400 Bridge Parkway,suit 101","Redwood city,CA,94065",2008-05-05 10:20:38779,test,"test,test","test,CA,94404",2009-06-29 09:28:18780,test,"tset,test","tset,CA,244545",2009-01-30 06:53:44781,Test ABCD,200 standford,"Redwood city,CA,94065",2007-07-11 12:23:17782,Test Best,Tom Dick and Harry,"Redwood city,CA,94061",2007-07-11 13:19:26783,TEST cassanova,"200,Suiteven creeks","Redwood city,CA,94041",2007-07-11 13:04:43784,test company,test test 111,"Foster City,CA,94404",2007-06-01 13:33:52785,test company,tset,"Redwood City,CA,94065",2009-01-21 08:54:00786,test company,"test,test 11","TEST,CA,94066",2009-02-24 06:14:36787,test company - not needed,370 West Trimble Road,"San Jose,CA,95131",2009-07-14 10:47:12788,test company xxx,3401 Hillview Avenue,"Palo Alto,CA,94304",2007-11-20 13:19:53789,test company888,"3 Lagoon Drive,Suite 225","Redwood City,CA,94065",2008-09-24 05:23:34790,Test ING,"Ping pong,Ding dong,Sing song","Redwood city,CA,94065",2007-07-11 12:05:32791,Test Onsite Reminder,950 High School Way,"Mountain view,CA,94041",2007-04-24 18:13:36792,Test Run,Power Reset Hard Disk Drive,"Redwood city,CA,94041",2007-07-11 13:30:15793,Test Siteler888,6200 Stoneridge Mall Road,"Pleasanton,CA,94588",2010-08-25 09:17:41794,test soma,200 buffalo street,"Sunnyvale,CA,94041",2007-09-13 08:29:21795,Test Stanlee,"ABC Villa,Balikashram Road,Knakanady","Redwood City,CA,94065",2007-07-11 11:52:50796,Test-Company,"1900 Charleston Road,M3","Mountain View,CA,94041",2006-06-28 17:08:30797,test10,"2860 Gateway Oaks Boulevard,Suite 300","Sacramento,CA,95833",2009-05-27 02:06:07798,testaccount,135 Minnesota Ave,"San Jose,CA,95134",2007-07-23 17:36:40799,testaccounting,"350 Marine Parkway,Suite 220","Redwood City,CA,94065",2009-10-16 03:19:44800,testcompany,1243,"San Mateo,CA,94041",2005-10-28 15:49:37801,testcompany google site,"901 Cherry Ave.,-Nil-","San Bruno,CA,94066",2010-05-21 03:02:20802,testcompany1,"test,test","Sacramento,CA,95833",2009-05-27 03:01:25803,testcompany_1,sdfsd,"Sunnyvale,CA,94085",2006-03-29 10:18:19804,testcompany_Bug450,coolstreet,"mountain view,CA,4049",2007-04-18 23:48:47805,testingcompany,blahblah,"Sunnyvale,CA,94085",2006-04-06 13:29:52806,testnamecompany,testpurposes_company,"Sunnyvale,CA,94085",2006-04-05 17:37:01807,TESTONETWO,2500 bridge way,"redwood,CA,94041",2007-12-20 12:30:51808,Testpalmsoft,menlo park,"JF,CA,98056",2011-12-16 08:42:59809,testpurposes,testpurposes,"Sunnyvale,CA,94085",2006-03-29 10:22:22810,testsiteler888_stationnumber,testlane,"testcity,CA,123456",2007-10-24 05:05:20811,testsiteler88_stationnumber,testlane,"testcity,CA,123456",2007-10-24 05:04:41812,testsiteler_abcd,"200,Suiteven creeks","San Jose,CA,94041",2007-08-14 10:43:27813,Test_ABCD,200 Blvd,"San Jose,CA,94041",2007-07-11 12:36:00814,The 88,"88 E. San Fernando,Suite 100","San Jose,CA,95113",2009-02-11 02:29:04815,The California Endowment,"1111 Broadway,7th Floor","Oakland,CA,94607",2010-02-05 00:46:35816,The Cooper Companies,"6140 Stone Ridge,Mall Road,Suite 590","pleasanton,CA,94588",2006-06-08 17:18:31817,The Korea Daily,33288 Central Avenue,"Union City,CA,94587",2009-07-28 05:46:27818,The Larkin Company,"2350 Mission College Blvd,Suite 390","Santa Clara,CA,95054-1560",2010-03-03 17:47:25819,The Melita Group,2350 Mission College Boulevard,"Santa Clara,CA,95054-1532",2010-03-03 18:35:31820,The Schmidt-Prescott Group,2010 North First Street,"San Jose,CA,95131",2009-05-22 03:51:32821,The TPL Group,"20400,Suitevens Creek Blvd,","Cupertino,CA,95014",2007-02-12 10:42:47822,The Zenith Insurance,4301 Hacienda Drive,"Pleasanton,CA,94588",2011-07-13 13:26:10823,Theranos,3200 Hillview Avenue,"Palo Alto,CA,94304",2009-05-11 17:26:32824,Theravance,901 Gateway Boulevard,"South San Francisco,CA,94080",2005-09-30 15:49:41825,Tibco,3303 Hillview Avenue,"Palo Alto,CA,94304",2006-01-11 14:07:51826,Tiburon,"6200 Stoneridge Mall road,Suite 400","Pleasanton,CA,94588",2007-05-11 12:14:11827,"Tiburon, Inc.","6200 Stoneridge Mall Rd,Suite 130","Pleasanton,CA,94588",2012-03-13 12:46:26828,Tidemark,"1300 Island Drive,Suite 200","Redwood city,CA,94065",2012-07-26 07:51:45829,Tidemark,"2200 Bridge Parkway,Suite 225","Redwood city,CA,94065",2012-07-26 06:48:27830,Tosoh Biosciences,"6000 Shoreline Court,Suite 101","South San Francisco,CA,94080",2009-08-18 23:21:08831,"Total Planning Concepts, LLC",5976 W. Las Positas Blvd.,"Pleasanton,CA,94588",2011-07-13 07:46:16832,Touch Revolution,2200 Bridge Parkway1,"Redwood City,CA,94065",2010-07-28 17:52:11833,"Tower Semiconductor USA, Inc.","2350 Mission College Blvd.,Suite 500","Santa Clara,CA,95054",2010-03-03 17:09:55834,Town Hill,1003 W. Cutting Blvd.,"Richmond,CA,94804",2009-04-23 15:06:22835,TPL Group,"20000,Suitevens Creek Blvd","Cupertino,CA,95014",2007-06-26 13:10:08836,Transcept Pharmaceuticals,"1003 W. Cutting Blvd,Suite #110","Richmond,CA,94804",2009-04-21 16:10:24837,Transera Communications,"1195 W. Fremont Avenue,Suite 101","Sunnyvale,CA,94087",2007-06-11 15:43:05838,Treadwell and Rollo,"501 14th Street,3rd floor","Oakland,CA,94612",2009-11-05 05:18:52839,Trellis Bioscience,2-B Corporate Drive,"South San Francisco,CA,94080",2007-07-13 14:21:10840,Trilliant Networks,"1300 Island Drive,Suite 103","Redwood city,CA,94065",2007-07-05 11:48:28841,TRIRIGA,5976 W. Las Positas Blvd.,"Pleasanton,CA,94588",2011-07-13 10:23:46842,Turner Constructions,4560 Horton Street (Bldg x-168),"Emeryville,CA,94608",2007-06-14 08:29:02843,tw Telecom,"6200 Stoneridge Mall Rd,Suite 130","Pleasanton,CA,94588",2012-03-13 13:24:19844,Tyco electronics,304 Constitution Drive,"Menlo Park,CA,94025",2006-11-28 14:11:35845,Unified Real Estate Investment,655 Campbell Technology Pkwy,"Campbell,CA,95008",2007-04-24 13:08:25846,Unilever,4301 Hacienda Drive,"Pleasanton,CA,94588",2011-07-14 07:38:33847,University of Chicago,2465 E. Bayshore Road,"Palo Alto,CA,94303",2011-05-04 15:14:09848,UPS Supply Chain Solutions,"1 Lagoon Drive,Suite 300","Redwood city,CA,94065",2007-09-19 20:15:44849,URS,"1417 North Market Boulevard,Suite 1","Sacramento,CA,95834",2009-05-27 03:20:54850,"UTi, Inc.",573 Forbes Blvd,"South San Francisco,CA,94080",2008-07-15 12:40:05851,V and A consulting Engineering,"155 Grand ave.,Suite 700","Oakland,CA,94612",2011-01-26 11:23:07852,Van Every Constructions,277 Parkview Terrace,"Oakland,CA,94610",2009-11-16 05:40:41853,Vantage Point,"1001 Bayhill Drive,Suite 300","San Bruno,CA,94066",2009-08-13 00:55:07854,Vatoca Partners,"1553 Morse Blvd.,,-Nil-","San Carlos,CA,94070",2010-04-20 14:24:30855,Vavni,"4800 Patrick Henry Dr,","Santa Clara,CA,95054",2009-04-29 12:59:21856,Venrock,"1 Lagoon Drive,Suite 200","Menlo Park,CA,94025",2008-05-15 17:14:54857,Vertigo,"503 Canal,Suite A","Richmond,CA,94804",2009-04-23 14:50:45858,Vicom SySuitems,3200 Bridge Parkway,"Redwood city,CA,94065",2007-07-05 12:04:21859,"Vierra Moore, Inc.",PO BOX 348600,"Sacramento,CA,95834",2009-05-27 02:45:03860,"Vindicia, Inc","3200 Bridge Parkway,Suite 202","Redwood City,CA,94065",2008-11-11 08:12:30861,Vintage 99,611 Enterprise Court,"Livermore,CA,94550",2009-07-24 06:43:16862,Vintage Mortgage Group,5976 W. Las Positas Blvd.,"Pleasanton,CA,94588",2011-07-11 07:39:32863,Virtual synaptics,"20400,Suitevens Creek Blvd,Suite 740","Cupertino,CA,95014",2007-12-06 09:43:32864,Visa,950 Tower Lane,"Foster City,CA,94404",2005-11-23 10:36:34865,"VMOps, Inc.","20400,Suitevens Creek Blvd,Suite 390","Cupertino,CA,95014",2010-03-16 04:08:36866,VMware,3305 Hillview Avenue,"Palo Alto,CA,94304",2006-01-12 09:21:26867,"Vormetric, Inc.",3131 Jay St,"Santa Clara,CA,95054-3308",2007-01-11 01:57:16868,WAC Application Services Ltd.,"6200 Stoneridge Mall Rd,Suite 130","Pleasanton,CA,94588",2012-03-13 13:21:34869,Walmart,"7000 Marina Blvd.,Suite","San Mateo,CA,94005",2010-04-04 23:37:12870,Walmart-deprecated,n/a,"n/a,CA,n/a",2011-11-15 15:42:35871,"Watry Design, Inc",1700 Seaport Boulevard,"Redwood city,CA,94063",2007-06-07 18:01:36872,Weaver Austin Villeneuve and Sampson LLP,"500 12th Street,Suite 200","Oakland,CA,94607",2010-02-10 11:23:06873,Weaver Austin Villeneuve Sampson IP [WAVSIP],"500 12th St.,Suite 200","Oakland,CA,94607",2010-03-18 06:03:21874,"Web AMG, Inc","1000 Bridge Parkway,Suite 225","Redwood city,CA,94065",2007-07-05 11:29:04875,Webroot,515 Ellis Street,"Mountain View,CA,94043",2009-09-15 13:02:34876,"Wendel, Rosen, Black and Dean LLP","1111 Broadway,24th Floor","Oakland,CA,94607",2009-11-12 06:56:27877,West Coast Yellow Pages,1115 Grandview Drive,"South San Francisco,CA,94080",2005-07-11 00:19:16878,West Coast Yellow Pages,501 Grandview,"South San Francisco,CA,94080",2005-06-28 08:57:04879,Westbridge Capital Partners,950 Tower Lane,"Foster City,CA,94404",2005-07-22 07:59:22880,WeSuitern Digital,"20511 Lake Forest Drive,-Nil-","Lake Forest,CA,92630-7741",2010-04-15 00:24:02881,Wholesale America Mortgage,6200 Stoneridge Mall Road,"Pleasanton,CA,94588",2006-05-25 10:08:23882,Wilson Sonsini Goodrich and Rosati,650 Page Mill Road,"Palo Alto,CA,94304",2009-08-11 23:50:02883,Wohler Audio Monitoring,31055 Huntwood Aveue,"Hayward,CA,94544",2005-07-06 03:53:50884,Wohler Technologies,501 Grandview Drive,"South San Francisco,CA,94080",2005-06-28 09:17:17885,Wollberg and Associates,4683 Chabot Drive,"Pleasanton,CA,94588",2011-07-11 07:08:57886,Woodside Capital Partners LLC,"2471 E. Bayshore Road,Suite 512","Palo Alto,CA,94303",2011-05-04 14:49:04887,Workday,"6200 Stoneridge Mall Rd,Suite 130","Pleasanton,CA,94588",2012-03-13 13:57:32888,Workday,6230 Stoneridge Mall Road,"Pleasanton,CA,94588",2010-03-23 00:34:47889,World Financial Group,"7031 Koll Center Parkway,Suite 100-P","Pleasanton,CA,94566",2011-07-11 11:20:27890,World Savings,6210 Stoneridge Mall road,"Pleasanton,CA,94588",2005-09-30 15:37:09891,WYSE Technology,3471 North First Street,"San Jose,CA,95134",2009-05-14 12:24:46892,XDx,3260 Bayshore Blvd,"Brisbane,CA,94005",2009-07-14 12:58:17893,XenoPort,3410 Central Expressway,"Santa Clara,CA,95051",2009-02-05 04:57:09894,Xerox,4301 Hacienda Drive,"Pleasanton,CA,94588",2011-07-13 10:07:30895,Xtime,1400 Bridge Parkway,"Redwood city,CA,94065",2007-09-27 14:56:44896,XXTestXX,155 Grand Avenue,"Oakland,CA,94612",2011-05-09 17:20:43897,xxx,"1101 Market Street,-Nil-","Philadelphia, PA 19107",2010-04-15 22:16:33898,xxx,"EMBARCADERO REALTY SERVICES LP,488 ALMADEN BLVD","SAN JOSE,CA,95110",2012-07-13 15:12:18899,xxx,xxxx,"SAN JOSE,CA,95110",2012-07-13 14:44:05900,ya ba da ba dooooo,"1001 Bayhill Drive,2nd floor","San Bruno,CA,94066",2009-08-12 23:30:37901,"Yahoo!, Inc.",701 First Ave,"Sunnyvale,CA,94089",2004-08-29 01:47:50902,"Yodlee, Inc","3600 Bridge Parkway,Suite 200","Redwood city,CA,94065",2007-07-05 11:38:11903,YottaMark,203 Redwood Shores Parkway,"Redwood City,CA,94065",2008-08-12 13:37:42904,You Web LLC,650 Oak Grove Ave,"Menlo Park,CA,94025",2007-02-02 11:34:21905,Young California Homes,6210 Stoneridge Mall road,"Pleasanton,CA,94588",2006-05-25 03:45:53906,ZASPAR Technologies,5976 W. Las Positas Blvd.,"Pleasanton,CA,94588",2011-07-13 07:24:02907,"Zhone Technologies, Inc.",7001 Oakport Street,"Oakland,CA,94621",2010-03-18 02:26:58908,Zimbra,701 First Ave,"Sunnyvale,CA,94089",2008-01-17 10:10:08909,Ziosoft,"2200 Bridge Parkway,Suite 103","Redwood city,CA,94065",2007-07-05 11:32:22910,Zultys,771 Vaqueros Avenue,"Sunnyvale,CA,94085",2009-06-04 15:36:59911,"Zuora, Inc","1400 Bridge Parkway,Suite 201","Redwood city,CA,94065",2008-01-17 16:01:42912,zzzz,1661 Page Mill Road,"Palo Alto,CA,94304",2006-07-03 12:40:02913,zzzz,"3 Lagoon Drive,Suite 100","Redwood City,CA,94065",2007-09-19 20:07:46914,zzzzz,"1 Lagoon Drive,Suite 250","Redwood city,CA,94065",2007-09-19 20:20:30915,zzzzz,777 Mariners Island Blvd.,"San Mateo,CA,94404",2006-05-24 11:56:40916,zzzzzz,2207 Bridgepointe Pkwy,"San Mateo,CA,94404",2006-03-22 02:05:34917,ZZZZZZee,47669 Fremont Blvd.,"Fremont,CA,94538",2009-05-01 15:10:24918,Zzzzzzz,1250 East Arques Avenue,"Sunnyvale,CA,94085",2006-04-06 13:19:34919,zzzzzzzz,6200 Stoneridge Mall road,"Pleasanton,CA,94588",2006-05-25 01:54:23